// Firmware do controlador de toque GSL3680, carregado na RAM dele a cada
// partida (o chip nao guarda programa). E a mesma tabela que o ESPHome usa
// para o JC8012P4A1 (esphome-libs/gsl3670-firmware, seeed-d1001-fw.bin,
// sha256 2e50501a...27a4), que roda nas tres revisoes da placa.
//
// Cada bloco: o numero da pagina (escrito no registrador 0xF0), tres bytes
// de controle (1, 2, 3) e 128 bytes, gravados de 4 em 4 a partir do 0x00.
#pragma once
#include <stdint.h>

#define TOQUE_FW_BLOCOS 132
static const uint8_t TOQUE_FW[TOQUE_FW_BLOCOS][132] = {
    {
        0x02, 0x01, 0x02, 0x03, 0x00, 0x00, 0x00, 0x00, 0x00, 0x00, 0x00, 0x00, 0x00, 0x00, 0x00, 0x00, 0x00, 0x00, 0x00, 0x00, 0x00, 0x00,
        0x00, 0x00, 0x00, 0x00, 0x00, 0x00, 0x00, 0x00, 0x00, 0x00, 0x00, 0x00, 0x00, 0x00, 0x00, 0x00, 0x00, 0x00, 0x00, 0x00, 0x00, 0x00,
        0x00, 0x00, 0x00, 0x00, 0x00, 0x00, 0x00, 0x00, 0x00, 0x00, 0x00, 0x00, 0x00, 0x00, 0x00, 0x00, 0x00, 0x00, 0x00, 0x00, 0x00, 0x00,
        0x00, 0x00, 0x00, 0x00, 0x00, 0x00, 0x00, 0x00, 0x00, 0x00, 0x00, 0x00, 0x00, 0x00, 0x00, 0x00, 0x00, 0x00, 0x00, 0x00, 0x00, 0x00,
        0x00, 0x00, 0x00, 0x00, 0x00, 0x00, 0x00, 0x00, 0x00, 0x00, 0x00, 0x00, 0xb0, 0x00, 0x00, 0x00, 0x0b, 0x00, 0x01, 0xf8, 0x14, 0x64,
        0x06, 0x00, 0x0a, 0x02, 0x01, 0x10, 0xff, 0x0f, 0x00, 0x00, 0x00, 0x00, 0x00, 0x00, 0x00, 0x00, 0x00, 0x00, 0x1a, 0x0e, 0x1a, 0x0e,
    },
    {
        0x03, 0x01, 0x02, 0x03, 0xd5, 0xc1, 0x0a, 0x93, 0x00, 0x00, 0x00, 0x00, 0x00, 0x00, 0x00, 0x00, 0x00, 0x00, 0x00, 0x00, 0x00, 0x00,
        0x00, 0x00, 0x00, 0x00, 0x00, 0x00, 0x00, 0x00, 0x00, 0x00, 0x00, 0x00, 0x00, 0x00, 0x00, 0x00, 0x00, 0x00, 0x00, 0x51, 0x00, 0x00,
        0x00, 0x8e, 0x00, 0x00, 0x00, 0x00, 0x00, 0x00, 0x00, 0x00, 0x00, 0x00, 0x00, 0x00, 0x00, 0x00, 0x00, 0x00, 0x00, 0x00, 0x00, 0x00,
        0x00, 0x00, 0x00, 0x00, 0x00, 0x00, 0x00, 0x00, 0x00, 0x00, 0x00, 0x00, 0x00, 0x00, 0x00, 0x00, 0x00, 0x00, 0xcd, 0x00, 0x00, 0x00,
        0x8c, 0x00, 0x00, 0x00, 0x00, 0x00, 0x00, 0x00, 0x00, 0x00, 0x00, 0x00, 0x00, 0x00, 0x00, 0x00, 0x0a, 0xc0, 0x0a, 0x1a, 0x02, 0x00,
        0x00, 0x00, 0x0f, 0x00, 0x00, 0x00, 0x00, 0x00, 0x00, 0x00, 0xff, 0xff, 0xff, 0xff, 0xec, 0xff, 0xff, 0xff, 0x00, 0x00, 0x00, 0x00,
    },
    {
        0x04, 0x01, 0x02, 0x03, 0x00, 0x00, 0x00, 0x00, 0x0b, 0x66, 0x01, 0x00, 0x64, 0x00, 0x00, 0x00, 0x00, 0x00, 0x00, 0x00, 0x06, 0xff,
        0x0c, 0xfe, 0x00, 0x00, 0xd0, 0x07, 0x00, 0x00, 0x00, 0x00, 0x00, 0x00, 0x00, 0x00, 0x00, 0x00, 0x00, 0x00, 0x00, 0x00, 0x00, 0x00,
        0x00, 0x00, 0x00, 0x00, 0x00, 0x00, 0x00, 0x00, 0x00, 0x00, 0x01, 0x00, 0xff, 0x0f, 0x00, 0x00, 0x0a, 0x00, 0x00, 0x00, 0x58, 0x02,
        0x00, 0x00, 0x00, 0x00, 0x00, 0x00, 0x00, 0x0a, 0x02, 0x04, 0x2c, 0x01, 0x14, 0x00, 0x03, 0x00, 0x04, 0xc0, 0x00, 0x00, 0x00, 0x00,
        0x03, 0x02, 0x01, 0x00, 0x07, 0x06, 0x05, 0x04, 0x0b, 0x0a, 0x09, 0x08, 0x0f, 0x0e, 0x0d, 0x0c, 0x13, 0x12, 0x11, 0x10, 0x17, 0x16,
        0x15, 0x14, 0x1b, 0x1a, 0x19, 0x18, 0x1f, 0x1e, 0x1d, 0x1c, 0x0a, 0x00, 0x14, 0x00, 0x80, 0x80, 0x80, 0x80, 0xf4, 0x81, 0xa9, 0xcb,
    },
    {
        0x05, 0x01, 0x02, 0x03, 0x00, 0x00, 0x00, 0x00, 0x0a, 0x00, 0x00, 0x00, 0xb4, 0x00, 0x00, 0x00, 0x40, 0x40, 0x4d, 0x40, 0x0a, 0x00,
        0x00, 0x00, 0x00, 0x00, 0x00, 0x00, 0xff, 0x0f, 0x00, 0x00, 0x02, 0x00, 0x17, 0x10, 0x00, 0x00, 0x11, 0x10, 0x00, 0x00, 0x00, 0x00,
        0x00, 0x00, 0x00, 0x00, 0x00, 0x04, 0x00, 0x00, 0x80, 0x80, 0x80, 0x80, 0x80, 0x80, 0x80, 0x80, 0x80, 0x80, 0x80, 0x80, 0x80, 0x80,
        0x80, 0x80, 0x80, 0x80, 0x80, 0x80, 0x80, 0x80, 0x80, 0x80, 0x80, 0x80, 0x80, 0x80, 0x00, 0x80, 0x80, 0x80, 0xff, 0xff, 0xff, 0xff,
        0x00, 0x00, 0x00, 0x00, 0x00, 0x00, 0x00, 0x00, 0x00, 0x00, 0x00, 0x00, 0x00, 0x00, 0x00, 0x00, 0x00, 0x00, 0x00, 0x00, 0x00, 0x00,
        0x00, 0x00, 0x00, 0x00, 0x00, 0x00, 0x00, 0x00, 0x00, 0x00, 0x20, 0x02, 0x00, 0x00, 0x1a, 0x00, 0x00, 0x00, 0x0e, 0x00, 0x00, 0x00,
    },
    {
        0x06, 0x01, 0x02, 0x03, 0x1a, 0x00, 0x00, 0x00, 0x00, 0x00, 0x00, 0x00, 0x0e, 0x00, 0x00, 0x00, 0x02, 0x04, 0x03, 0x04, 0x32, 0x00,
        0x00, 0x00, 0x0a, 0x01, 0x14, 0x14, 0x01, 0x00, 0x00, 0x00, 0x01, 0x00, 0x00, 0x00, 0x04, 0x29, 0x00, 0x00, 0x20, 0x03, 0x00, 0x00,
        0x00, 0x05, 0x00, 0x00, 0x0b, 0x00, 0x01, 0xf8, 0x05, 0x00, 0x01, 0xf8, 0x03, 0x00, 0x00, 0x00, 0x03, 0x00, 0x00, 0x00, 0xff, 0x0f,
        0x00, 0x00, 0x00, 0x00, 0x00, 0x80, 0x18, 0x00, 0x18, 0x00, 0xff, 0x0f, 0x00, 0x00, 0x02, 0x04, 0x04, 0x04, 0x01, 0x00, 0x02, 0x00,
        0x10, 0x0e, 0x00, 0x00, 0x2c, 0x01, 0x0a, 0x00, 0x10, 0x64, 0x80, 0x00, 0x00, 0x08, 0x20, 0x10, 0x00, 0x00, 0x00, 0x00, 0x00, 0x00,
        0x00, 0x00, 0x00, 0x00, 0x00, 0x00, 0x00, 0x00, 0x00, 0x00, 0x4a, 0x01, 0x00, 0x00, 0x3c, 0x00, 0x0a, 0x00, 0x00, 0x00, 0x00, 0x00,
    },
    {
        0x07, 0x01, 0x02, 0x03, 0x09, 0x00, 0x06, 0x01, 0x0b, 0x02, 0x08, 0x03, 0x0d, 0x04, 0x0a, 0x05, 0x10, 0x06, 0x0c, 0x07, 0x12, 0x08,
        0x13, 0x09, 0x56, 0x34, 0x12, 0x00, 0x00, 0x00, 0x00, 0x00, 0x78, 0x00, 0x0a, 0x00, 0x81, 0x10, 0x00, 0x00, 0x10, 0x00, 0x08, 0xff,
        0x20, 0x01, 0x08, 0xff, 0x40, 0x01, 0x08, 0xff, 0x60, 0x01, 0x08, 0xff, 0xf0, 0x00, 0x21, 0x00, 0xd0, 0x00, 0x1c, 0x00, 0xb0, 0x00,
        0x17, 0x00, 0x00, 0x00, 0x00, 0x00, 0x00, 0x00, 0x00, 0x00, 0x00, 0x0d, 0x00, 0x40, 0x03, 0x0f, 0x0f, 0x32, 0x00, 0x00, 0x00, 0x00,
        0x04, 0x00, 0x00, 0x00, 0x00, 0x00, 0x00, 0x00, 0x01, 0x00, 0x0c, 0x00, 0x0d, 0x00, 0x18, 0x00, 0x19, 0x00, 0x19, 0x00, 0x00, 0x00,
        0x00, 0x00, 0x00, 0x00, 0x0b, 0x00, 0x00, 0x00, 0x0b, 0x00, 0x00, 0x00, 0x00, 0x00, 0x45, 0x23, 0x01, 0x00, 0xab, 0x89, 0x67, 0x00,
    },
    {
        0x08, 0x01, 0x02, 0x03, 0x2f, 0x22, 0x0f, 0x02, 0x6f, 0x22, 0x4f, 0x22, 0xaf, 0x22, 0x8f, 0x22, 0xef, 0x22, 0xcf, 0x22, 0x2f, 0x23,
        0x0f, 0x23, 0x6f, 0x23, 0x4f, 0x23, 0xf0, 0x41, 0x8f, 0x23, 0xf2, 0x41, 0xf1, 0x41, 0xf4, 0x41, 0xf3, 0x41, 0xf6, 0x41, 0xf5, 0x41,
        0xf8, 0x41, 0xf7, 0x41, 0xfa, 0x41, 0xf9, 0x41, 0xfc, 0x71, 0xfb, 0x41, 0x00, 0x00, 0x00, 0x00, 0x00, 0x00, 0x00, 0x00, 0x00, 0x00,
        0x00, 0x00, 0x07, 0x05, 0x03, 0x01, 0x00, 0x0d, 0x0b, 0x09, 0x00, 0x00, 0x00, 0x00, 0x08, 0x06, 0x04, 0x02, 0x00, 0x0e, 0x0c, 0x0a,
        0x00, 0x00, 0x00, 0x00, 0x05, 0x00, 0x06, 0x00, 0x08, 0x00, 0x00, 0x00, 0xc2, 0x01, 0x00, 0x00, 0x01, 0x02, 0x00, 0x00, 0x04, 0x08,
        0x00, 0x00, 0xcd, 0x00, 0x66, 0x00, 0xcd, 0x00, 0x00, 0x00, 0x8c, 0x00, 0x00, 0x00, 0x00, 0x00, 0x00, 0x00, 0x0e, 0x00, 0x00, 0x00,
    },
    {
        0x09, 0x01, 0x02, 0x03, 0x94, 0x00, 0x08, 0xff, 0x11, 0x00, 0x07, 0x00, 0x90, 0x00, 0x08, 0xff, 0x00, 0x00, 0x04, 0x00, 0x68, 0x00,
        0x08, 0xff, 0x00, 0x00, 0x03, 0x00, 0x64, 0x00, 0x08, 0xff, 0x82, 0x25, 0x00, 0x01, 0x60, 0x00, 0x08, 0xff, 0x00, 0x00, 0x20, 0x00,
        0x4c, 0x00, 0x08, 0xff, 0xff, 0x7f, 0x19, 0x00, 0xf0, 0xff, 0xff, 0xff, 0x00, 0x00, 0x00, 0x00, 0xf0, 0xff, 0xff, 0xff, 0x00, 0x00,
        0x00, 0x00, 0xf0, 0xff, 0xff, 0xff, 0x00, 0x00, 0x00, 0x00, 0xf0, 0xff, 0xff, 0xff, 0x00, 0x00, 0x00, 0x00, 0xf0, 0xff, 0xff, 0xff,
        0x00, 0x00, 0x00, 0x00, 0xf0, 0xff, 0xff, 0xff, 0x00, 0x00, 0x00, 0x00, 0xf0, 0xff, 0xff, 0xff, 0x00, 0x00, 0x00, 0x00, 0xf0, 0xff,
        0xff, 0xff, 0x00, 0x00, 0x00, 0x00, 0xf0, 0xff, 0xff, 0xff, 0x00, 0x00, 0x00, 0x00, 0xf0, 0xff, 0xff, 0xff, 0x00, 0x00, 0x00, 0x00,
    },
    {
        0x1e, 0x01, 0x02, 0x03, 0x00, 0x0f, 0x5a, 0x5a, 0xdc, 0x2b, 0x00, 0x00, 0x50, 0x2c, 0x00, 0x00, 0xd0, 0x2c, 0x00, 0x00, 0x10, 0x2e,
        0x00, 0x00, 0x0c, 0x2f, 0x00, 0x00, 0xc0, 0x30, 0x00, 0x00, 0x54, 0x32, 0x00, 0x00, 0x70, 0x32, 0x00, 0x00, 0x18, 0x34, 0x00, 0x00,
        0x50, 0x35, 0x00, 0x00, 0x00, 0x36, 0x00, 0x00, 0x70, 0x39, 0x00, 0x00, 0x70, 0x3a, 0x00, 0x00, 0xe8, 0x3c, 0x00, 0x00, 0x60, 0x3d,
        0x00, 0x00, 0xd8, 0x3d, 0x00, 0x00, 0x68, 0x3f, 0x00, 0x00, 0x50, 0x42, 0x00, 0x00, 0x08, 0x46, 0x00, 0x00, 0x9c, 0x46, 0x00, 0x00,
        0x00, 0x47, 0x00, 0x00, 0x74, 0x48, 0x00, 0x00, 0x00, 0x00, 0x00, 0x00, 0x00, 0x00, 0x00, 0x00, 0x00, 0x00, 0x00, 0x00, 0x00, 0x00,
        0x00, 0x00, 0x00, 0x00, 0x00, 0x00, 0x00, 0x00, 0x00, 0x00, 0x00, 0x00, 0x00, 0x00, 0x00, 0x00, 0x00, 0x00, 0x00, 0x00, 0x00, 0x00,
    },
    {
        0x1f, 0x01, 0x02, 0x03, 0x00, 0x00, 0x00, 0x00, 0x00, 0x00, 0x00, 0x00, 0x00, 0x00, 0x00, 0x00, 0x00, 0x00, 0x00, 0x00, 0x00, 0x00,
        0x00, 0x00, 0x00, 0x00, 0x00, 0x00, 0x00, 0x00, 0x00, 0x00, 0x00, 0x00, 0x00, 0x00, 0x00, 0x00, 0x00, 0x00, 0x00, 0x00, 0x00, 0x00,
        0x00, 0x00, 0x00, 0x00, 0x00, 0x00, 0x00, 0x00, 0x00, 0x00, 0x00, 0x00, 0x00, 0x00, 0x00, 0x00, 0x00, 0x00, 0x00, 0x00, 0x70, 0x24,
        0x00, 0x00, 0x20, 0x26, 0x00, 0x00, 0x00, 0x00, 0x00, 0x00, 0x00, 0x00, 0x00, 0x00, 0xa0, 0x26, 0x00, 0x00, 0x60, 0x27, 0x00, 0x00,
        0x00, 0x00, 0x00, 0x00, 0x10, 0x28, 0x00, 0x00, 0x00, 0x00, 0x00, 0x00, 0x00, 0x00, 0x00, 0x00, 0x44, 0x29, 0x00, 0x00, 0x00, 0x00,
        0x00, 0x00, 0x00, 0x00, 0x00, 0x00, 0x00, 0x00, 0x00, 0x00, 0x28, 0x2a, 0x00, 0x00, 0x3c, 0x49, 0x00, 0x00, 0xfc, 0x0f, 0x5a, 0x5a,
    },
    {
        0x00, 0x01, 0x02, 0x03, 0x00, 0x00, 0x00, 0x01, 0x00, 0x00, 0x00, 0x01, 0x00, 0x00, 0x00, 0x01, 0xc0, 0xc0, 0x3f, 0x23, 0x04, 0x60,
        0x14, 0xa2, 0x00, 0x20, 0x10, 0xa4, 0x00, 0x40, 0x24, 0xe4, 0xc0, 0xc0, 0x3f, 0x23, 0x10, 0x60, 0x14, 0xa2, 0x3f, 0x00, 0x00, 0x25,
        0xff, 0xa3, 0x14, 0xa4, 0x00, 0x40, 0x24, 0xe4, 0x00, 0x00, 0x00, 0x01, 0xe0, 0x20, 0x10, 0x82, 0x01, 0x00, 0x88, 0x81, 0x00, 0x00,
        0x00, 0x01, 0x00, 0x00, 0x00, 0x01, 0x0f, 0x20, 0x10, 0xa4, 0x40, 0x00, 0xa0, 0xe4, 0x00, 0x00, 0x00, 0x01, 0x00, 0x00, 0x10, 0xa0,
        0x00, 0x00, 0x10, 0xa2, 0x00, 0x00, 0x10, 0xa4, 0x00, 0x00, 0x10, 0xa6, 0x00, 0x00, 0x10, 0xa8, 0x00, 0x00, 0x10, 0xaa, 0x00, 0x00,
        0x10, 0xac, 0x00, 0x00, 0x10, 0xae, 0x00, 0x00, 0x10, 0x90, 0x00, 0x00, 0x10, 0x92, 0x00, 0x00, 0x10, 0x94, 0x00, 0x00, 0x10, 0x96,
    },
    {
        0x01, 0x01, 0x02, 0x03, 0x00, 0x00, 0x10, 0x98, 0x00, 0x00, 0x10, 0x9a, 0x00, 0x00, 0x10, 0x9c, 0x00, 0x00, 0x10, 0x9e, 0x00, 0x00,
        0x10, 0x84, 0x00, 0x00, 0x00, 0x01, 0x00, 0x00, 0x00, 0x01, 0x00, 0x00, 0x10, 0x82, 0x01, 0x00, 0x90, 0x81, 0x00, 0x00, 0x10, 0x82,
        0x01, 0x00, 0x98, 0x81, 0x00, 0x00, 0x80, 0x81, 0x00, 0x00, 0x00, 0x01, 0x00, 0x00, 0x00, 0x01, 0x00, 0x00, 0x00, 0x01, 0xfc, 0x2c,
        0x10, 0xbc, 0xf8, 0x2c, 0x10, 0x9c, 0x00, 0x00, 0x00, 0x01, 0x00, 0x00, 0x00, 0x01, 0x40, 0x10, 0x00, 0x27, 0x0f, 0xe0, 0x14, 0xa6,
        0x40, 0x00, 0xa0, 0xe6, 0x00, 0x00, 0x00, 0x01, 0x09, 0x03, 0x00, 0x40, 0x00, 0x00, 0x00, 0x01, 0x00, 0x00, 0x00, 0x01, 0xff, 0xff,
        0xbf, 0x10, 0x00, 0x00, 0x00, 0x01, 0x84, 0x96, 0x16, 0x03, 0x53, 0x60, 0x10, 0x82, 0x4d, 0x69, 0x29, 0x03, 0x70, 0x62, 0x10, 0x82,
    },
    {
        0x1a, 0x01, 0x02, 0x03, 0x98, 0xbf, 0xe3, 0x9d, 0x10, 0x00, 0x00, 0x40, 0x00, 0x00, 0x00, 0x01, 0x07, 0x00, 0x00, 0x40, 0x00, 0x00,
        0x00, 0x01, 0x34, 0x03, 0x00, 0x40, 0x00, 0x00, 0x00, 0x01, 0x15, 0x00, 0x00, 0x40, 0x00, 0x00, 0x00, 0x01, 0xfe, 0xff, 0xbf, 0x30,
        0x01, 0x20, 0x10, 0x82, 0x00, 0x40, 0x90, 0x81, 0x00, 0x00, 0x00, 0x01, 0x00, 0x00, 0x00, 0x01, 0x00, 0x00, 0x00, 0x01, 0x08, 0xe0,
        0xc3, 0x81, 0x00, 0x00, 0x00, 0x01, 0x08, 0x00, 0x00, 0x03, 0x42, 0x63, 0x10, 0x82, 0x00, 0x40, 0x80, 0xa3, 0x04, 0x00, 0x00, 0x03,
        0x00, 0x60, 0x10, 0x82, 0x00, 0x40, 0x98, 0x81, 0x00, 0x00, 0x00, 0x01, 0x00, 0x00, 0x00, 0x01, 0x00, 0x00, 0x00, 0x01, 0x08, 0xe0,
        0xc3, 0x81, 0x00, 0x00, 0x00, 0x01, 0x00, 0x00, 0x00, 0x01, 0x00, 0x00, 0x00, 0x01, 0x00, 0x00, 0x00, 0x01, 0x00, 0x00, 0x80, 0xa7,
    },
    {
        0x1b, 0x01, 0x02, 0x03, 0x00, 0x00, 0x00, 0x01, 0x00, 0x00, 0x00, 0x01, 0x00, 0x00, 0x00, 0x01, 0x08, 0xe0, 0xc3, 0x81, 0x00, 0x00,
        0x00, 0x01, 0x00, 0x20, 0xa2, 0x80, 0x06, 0x00, 0x80, 0x02, 0x00, 0x00, 0x00, 0x01, 0x00, 0x00, 0x00, 0x01, 0xff, 0x3f, 0x82, 0x90,
        0xfe, 0xff, 0xbf, 0x12, 0x00, 0x00, 0x00, 0x01, 0x08, 0xe0, 0xc3, 0x81, 0x00, 0x00, 0x00, 0x01, 0x00, 0x00, 0x00, 0x01, 0x40, 0x10,
        0x00, 0x05, 0x0f, 0xa0, 0x10, 0x84, 0x40, 0x00, 0xa0, 0xc4, 0x00, 0x00, 0x00, 0x01, 0x08, 0xe0, 0xc3, 0x81, 0x00, 0x00, 0x00, 0x01,
        0xc8, 0xbe, 0xe3, 0x9d, 0xff, 0x7f, 0x06, 0xb2, 0x18, 0x00, 0x10, 0x96, 0x2c, 0xbf, 0x27, 0xf2, 0x28, 0xbf, 0x27, 0xc0, 0x00, 0x20,
        0x10, 0x98, 0xf8, 0xbf, 0x07, 0xb0, 0x30, 0x3f, 0x06, 0xd4, 0x34, 0x3f, 0x06, 0xda, 0x0a, 0x00, 0x10, 0xb8, 0xff, 0x3f, 0x03, 0x98,
    },
    {
        0x1c, 0x01, 0x02, 0x03, 0xf8, 0x3f, 0x06, 0xb0, 0x0d, 0x80, 0xa2, 0x80, 0x31, 0x00, 0x80, 0x16, 0x0d, 0x00, 0x10, 0xb6, 0x02, 0xa0,
        0x2a, 0xbb, 0x02, 0x60, 0x2b, 0x83, 0x0b, 0x40, 0x07, 0xb2, 0x0b, 0x40, 0x00, 0xb4, 0x1d, 0xc0, 0x02, 0xde, 0x1b, 0x00, 0xa7, 0x80,
        0x1c, 0x00, 0x80, 0x16, 0x00, 0x00, 0x00, 0x01, 0x00, 0x80, 0x06, 0xc2, 0x0f, 0x40, 0xa0, 0x80, 0x05, 0x00, 0x80, 0x04, 0x1b, 0x00,
        0xa7, 0x80, 0xff, 0xff, 0x06, 0xb6, 0xf8, 0xff, 0xbf, 0x10, 0xfc, 0xbf, 0x06, 0xb4, 0x13, 0x00, 0x80, 0x16, 0x1b, 0x00, 0xa7, 0x80,
        0x00, 0x80, 0x06, 0xc2, 0x00, 0x40, 0x26, 0xc2, 0x01, 0x20, 0x07, 0xb8, 0x1b, 0x00, 0xa7, 0x80, 0x0d, 0x00, 0x80, 0x16, 0x04, 0x60,
        0x06, 0xb2, 0x00, 0x40, 0x06, 0xc2, 0x0f, 0x40, 0xa0, 0x80, 0xfb, 0xff, 0xbf, 0x26, 0x01, 0x20, 0x07, 0xb8, 0x1b, 0x00, 0xa7, 0x80,
    },
    {
        0x1d, 0x01, 0x02, 0x03, 0x06, 0x00, 0x80, 0x16, 0x00, 0x00, 0x00, 0x01, 0x00, 0x80, 0x26, 0xc2, 0xff, 0xff, 0x06, 0xb6, 0xfc, 0xbf,
        0x06, 0xb4, 0x1b, 0x00, 0xa7, 0x80, 0xe4, 0xff, 0xbf, 0x12, 0x1b, 0x00, 0xa7, 0x80, 0x08, 0x20, 0x06, 0xb0, 0xff, 0x3f, 0x07, 0x82,
        0x34, 0x3f, 0x26, 0xc2, 0x30, 0x3f, 0x26, 0xd4, 0x02, 0x20, 0x2f, 0x83, 0x08, 0x20, 0x06, 0xb0, 0x01, 0xc0, 0x22, 0xde, 0x01, 0x20,
        0x07, 0xba, 0x30, 0x3f, 0x26, 0xfa, 0x34, 0x3f, 0x26, 0xda, 0x02, 0x20, 0x03, 0x98, 0xff, 0x3f, 0xa3, 0x80, 0xc9, 0xff, 0xbf, 0x34,
        0x30, 0x3f, 0x06, 0xd4, 0x08, 0xe0, 0xc7, 0x81, 0x00, 0x00, 0xe8, 0x81, 0x00, 0x00, 0x00, 0x00, 0x00, 0x00, 0x00, 0x00, 0x00, 0x00,
        0x00, 0x00, 0x00, 0x00, 0x00, 0x00, 0x00, 0x00, 0x00, 0x00, 0x00, 0x00, 0x00, 0x00, 0x00, 0x00, 0x00, 0x00, 0x00, 0x00, 0x00, 0x00,
    },
    {
        0x20, 0x01, 0x02, 0x03, 0x00, 0x00, 0x58, 0x83, 0xf0, 0x6f, 0x08, 0x82, 0x04, 0x60, 0x30, 0x83, 0x05, 0x60, 0xa0, 0x80, 0x27, 0x00,
        0x80, 0x02, 0x00, 0x00, 0x00, 0x01, 0x06, 0x60, 0xa0, 0x80, 0x3c, 0x00, 0x80, 0x02, 0x00, 0x00, 0x00, 0x01, 0x15, 0x60, 0xa0, 0x80,
        0x54, 0x00, 0x80, 0x02, 0x00, 0x00, 0x00, 0x01, 0x2a, 0x60, 0xa0, 0x80, 0x90, 0x00, 0x80, 0x02, 0x00, 0x00, 0x00, 0x01, 0x18, 0x60,
        0xa0, 0x80, 0x85, 0x00, 0x80, 0x02, 0x00, 0x00, 0x00, 0x01, 0x80, 0xc1, 0x3f, 0x07, 0x3c, 0xe0, 0x10, 0x86, 0x80, 0x96, 0x16, 0x05,
        0x02, 0x40, 0x00, 0x84, 0x00, 0xc0, 0x20, 0xc4, 0x00, 0xc0, 0x3f, 0x07, 0x20, 0xe0, 0x10, 0x86, 0x01, 0x20, 0x10, 0x84, 0x00, 0xc0,
        0x20, 0xc4, 0x0c, 0x00, 0x00, 0x05, 0x00, 0x00, 0x00, 0x01, 0x00, 0x00, 0x00, 0x01, 0xff, 0xbf, 0x80, 0x84, 0xfe, 0xff, 0xbf, 0x12,
    },
    {
        0x21, 0x01, 0x02, 0x03, 0x00, 0x00, 0x00, 0x01, 0x00, 0x00, 0x00, 0x01, 0x00, 0xc0, 0x3f, 0x07, 0x20, 0xe0, 0x10, 0x86, 0x00, 0x20,
        0x10, 0x84, 0x00, 0xc0, 0x20, 0xc4, 0x00, 0x00, 0x00, 0x01, 0x00, 0x00, 0x00, 0x01, 0x00, 0x40, 0xc4, 0x81, 0x00, 0x80, 0xcc, 0x81,
        0x00, 0x00, 0x00, 0x01, 0x00, 0x00, 0x50, 0xa7, 0x02, 0xe0, 0x2c, 0xa9, 0x01, 0xe0, 0x34, 0xa7, 0x14, 0xc0, 0x14, 0xa6, 0x07, 0xe0,
        0x0c, 0xa6, 0x00, 0x00, 0x90, 0x81, 0x00, 0x00, 0x00, 0x01, 0x00, 0x00, 0x00, 0x01, 0x00, 0x00, 0xe0, 0x81, 0x00, 0xa0, 0x3b, 0xe0,
        0x08, 0xa0, 0x3b, 0xe4, 0x10, 0xa0, 0x3b, 0xe8, 0x18, 0xa0, 0x3b, 0xec, 0x20, 0xa0, 0x3b, 0xf0, 0x28, 0xa0, 0x3b, 0xf4, 0x30, 0xa0,
        0x3b, 0xf8, 0x38, 0xa0, 0x3b, 0xfc, 0x00, 0x00, 0xe8, 0x81, 0x00, 0xc0, 0x94, 0x81, 0x00, 0x00, 0x00, 0x01, 0x00, 0x00, 0x00, 0x01,
    },
    {
        0x22, 0x01, 0x02, 0x03, 0x00, 0x40, 0xc4, 0x81, 0x00, 0x80, 0xcc, 0x81, 0x00, 0x00, 0x00, 0x01, 0x00, 0x00, 0x50, 0xa7, 0x02, 0xe0,
        0x34, 0xa9, 0x01, 0xe0, 0x2c, 0xa7, 0x14, 0xc0, 0x14, 0xa6, 0x07, 0xe0, 0x0c, 0xa6, 0x00, 0x00, 0x90, 0x81, 0x00, 0x00, 0x00, 0x01,
        0x00, 0x00, 0x00, 0x01, 0x00, 0x00, 0xe8, 0x81, 0x00, 0x00, 0xe8, 0x81, 0x00, 0xa0, 0x1b, 0xe0, 0x08, 0xa0, 0x1b, 0xe4, 0x10, 0xa0,
        0x1b, 0xe8, 0x18, 0xa0, 0x1b, 0xec, 0x20, 0xa0, 0x1b, 0xf0, 0x28, 0xa0, 0x1b, 0xf4, 0x30, 0xa0, 0x1b, 0xf8, 0x38, 0xa0, 0x1b, 0xfc,
        0x00, 0x00, 0xe0, 0x81, 0x00, 0x00, 0xe0, 0x81, 0x00, 0xc0, 0x94, 0x81, 0x00, 0x00, 0x00, 0x01, 0x00, 0x00, 0x00, 0x01, 0x00, 0x40,
        0xc4, 0x81, 0x00, 0x80, 0xcc, 0x81, 0x00, 0x00, 0x00, 0x01, 0x00, 0x00, 0x00, 0x01, 0x10, 0x20, 0x10, 0x82, 0xc0, 0xc0, 0x3f, 0x27,
    },
    {
        0x23, 0x01, 0x02, 0x03, 0x10, 0xe0, 0x14, 0xa6, 0x00, 0xc0, 0x24, 0xc2, 0x00, 0x00, 0x00, 0x01, 0xc0, 0xc0, 0x3f, 0x03, 0x04, 0x60,
        0x10, 0x82, 0x00, 0x20, 0x10, 0xa6, 0x00, 0x40, 0x20, 0xe6, 0x00, 0x00, 0x00, 0x01, 0x00, 0x00, 0x00, 0x01, 0x00, 0x00, 0x00, 0x01,
        0x20, 0x20, 0x10, 0xa6, 0x00, 0x00, 0x48, 0x83, 0x13, 0x40, 0x10, 0x82, 0x00, 0x40, 0x88, 0x81, 0x00, 0x00, 0x00, 0x01, 0x3a, 0x04,
        0x00, 0x40, 0x00, 0x00, 0x00, 0x01, 0x00, 0x00, 0x00, 0x01, 0x00, 0x00, 0x00, 0x01, 0x00, 0x00, 0x50, 0xa7, 0x02, 0xe0, 0x34, 0xa9,
        0x01, 0xe0, 0x2c, 0xa7, 0x14, 0xc0, 0x14, 0xa6, 0x07, 0xe0, 0x0c, 0xa6, 0x00, 0x00, 0x90, 0x81, 0x00, 0x00, 0x00, 0x01, 0x00, 0x00,
        0xe8, 0x81, 0x00, 0xa0, 0x1b, 0xe0, 0x08, 0xa0, 0x1b, 0xe4, 0x10, 0xa0, 0x1b, 0xe8, 0x18, 0xa0, 0x1b, 0xec, 0x20, 0xa0, 0x1b, 0xf0,
    },
    {
        0x24, 0x01, 0x02, 0x03, 0x28, 0xa0, 0x1b, 0xf4, 0x30, 0xa0, 0x1b, 0xf8, 0x38, 0xa0, 0x1b, 0xfc, 0x00, 0x00, 0xe0, 0x81, 0x00, 0xc0,
        0x94, 0x81, 0x00, 0x00, 0x00, 0x01, 0x20, 0x20, 0x10, 0xa6, 0x00, 0x00, 0x48, 0x83, 0x13, 0x40, 0x28, 0x82, 0x00, 0x40, 0x88, 0x81,
        0x00, 0x00, 0x00, 0x01, 0xc0, 0xc0, 0x3f, 0x03, 0x04, 0x60, 0x10, 0x82, 0xff, 0x3f, 0x10, 0xa6, 0x00, 0x40, 0x20, 0xe6, 0x00, 0x00,
        0x00, 0x01, 0x00, 0x00, 0x00, 0x01, 0x00, 0x00, 0x00, 0x01, 0x00, 0x40, 0xc4, 0x81, 0x00, 0x80, 0xcc, 0x81, 0x00, 0x00, 0x00, 0x01,
        0x80, 0x20, 0x10, 0x82, 0xc0, 0xc0, 0x3f, 0x27, 0x10, 0xe0, 0x14, 0xa6, 0x00, 0xc0, 0x24, 0xc2, 0x00, 0x00, 0x00, 0x01, 0x00, 0x40,
        0xc4, 0x81, 0x00, 0x80, 0xcc, 0x81, 0x00, 0x00, 0x00, 0x01, 0x00, 0x80, 0xc4, 0x81, 0x04, 0xa0, 0xcc, 0x81, 0x00, 0x00, 0x00, 0x01,
    },
    {
        0x25, 0x01, 0x02, 0x03, 0x00, 0xc2, 0x3f, 0x03, 0xfc, 0x21, 0x00, 0xda, 0x8c, 0x60, 0x10, 0x92, 0x84, 0x60, 0x10, 0x96, 0x88, 0x60,
        0x10, 0x94, 0x0d, 0x00, 0x5a, 0x82, 0x00, 0x60, 0xa3, 0x80, 0x03, 0x00, 0x80, 0x02, 0x00, 0x68, 0x00, 0x82, 0x0c, 0x60, 0x30, 0x91,
        0x10, 0x20, 0x2a, 0x99, 0x01, 0x20, 0x02, 0x82, 0x04, 0x20, 0x2a, 0x9b, 0x10, 0x60, 0x28, 0x83, 0x0d, 0x00, 0x03, 0x9a, 0x00, 0xc0,
        0x22, 0xda, 0x08, 0x40, 0x00, 0x82, 0x02, 0x60, 0x00, 0x82, 0x00, 0x80, 0x22, 0xd8, 0x08, 0xe0, 0xc3, 0x81, 0x00, 0x40, 0x22, 0xc2,
        0x40, 0xc1, 0x3f, 0x1b, 0x48, 0x60, 0x13, 0x82, 0x00, 0x40, 0x10, 0xc2, 0x03, 0x60, 0x00, 0x82, 0x03, 0x60, 0x08, 0x82, 0x02, 0x60,
        0x28, 0x83, 0x80, 0x60, 0x13, 0x9a, 0x08, 0xe0, 0xc3, 0x81, 0x0d, 0x40, 0x00, 0xd0, 0x00, 0x20, 0x10, 0x94, 0x00, 0x20, 0x10, 0x96,
    },
    {
        0x26, 0x01, 0x02, 0x03, 0x02, 0xe0, 0x2a, 0x83, 0xa4, 0x63, 0x00, 0xd2, 0x00, 0x20, 0x10, 0x98, 0x02, 0x20, 0x2b, 0x83, 0x02, 0xa0,
        0x2a, 0x9b, 0x0d, 0x00, 0x02, 0xda, 0x01, 0x20, 0x03, 0x98, 0x01, 0x40, 0x22, 0xda, 0x05, 0x20, 0xa3, 0x80, 0xfa, 0xff, 0xbf, 0x04,
        0x01, 0xa0, 0x02, 0x94, 0x01, 0xe0, 0x02, 0x96, 0x03, 0xe0, 0xa2, 0x80, 0xf4, 0xff, 0xbf, 0x04, 0x02, 0xe0, 0x2a, 0x83, 0x08, 0xe0,
        0xc3, 0x81, 0x00, 0x00, 0x00, 0x01, 0x08, 0x00, 0x02, 0x82, 0x08, 0x40, 0x00, 0x82, 0x02, 0x60, 0x32, 0x9b, 0x01, 0x40, 0x00, 0x82,
        0x0d, 0x40, 0x00, 0x82, 0x02, 0x60, 0x28, 0x83, 0x03, 0x60, 0x0a, 0x92, 0x03, 0x60, 0x2a, 0x93, 0xb0, 0x65, 0x00, 0xd0, 0x09, 0x00,
        0x32, 0x91, 0x08, 0xe0, 0xc3, 0x81, 0xff, 0x20, 0x0a, 0x90, 0x08, 0x00, 0x02, 0x9a, 0x08, 0x40, 0x03, 0x9a, 0x02, 0x60, 0x32, 0x97,
    },
    {
        0x27, 0x01, 0x02, 0x03, 0x0d, 0x40, 0x03, 0x9a, 0x0b, 0x40, 0x03, 0x9a, 0x03, 0x60, 0x0a, 0x92, 0x02, 0x60, 0x2b, 0x9b, 0x03, 0x60,
        0x2a, 0x93, 0xff, 0x20, 0x10, 0x82, 0xb0, 0x65, 0x03, 0xd8, 0x09, 0x40, 0x28, 0x83, 0x01, 0x00, 0x2b, 0x82, 0x09, 0x80, 0x2a, 0x95,
        0x0a, 0x40, 0x10, 0x82, 0xb0, 0x65, 0x23, 0xc2, 0x02, 0x20, 0x2a, 0x91, 0xa4, 0x23, 0x02, 0xda, 0x02, 0xe0, 0x2a, 0x97, 0x08, 0xe0,
        0xc3, 0x81, 0x0b, 0x40, 0x23, 0xc2, 0x05, 0x20, 0x10, 0x9a, 0x0b, 0x20, 0x10, 0x82, 0x08, 0x40, 0x23, 0x9a, 0x08, 0x40, 0x20, 0x82,
        0x02, 0x60, 0x2b, 0x9b, 0x05, 0x20, 0xa2, 0x80, 0x07, 0x00, 0x80, 0x14, 0x02, 0x60, 0x28, 0x99, 0x00, 0xc2, 0x3f, 0x03, 0x0c, 0x60,
        0x10, 0x82, 0x00, 0x40, 0x00, 0xc2, 0x06, 0x00, 0x80, 0x10, 0x0d, 0x40, 0x30, 0x83, 0x00, 0xc2, 0x3f, 0x03, 0x08, 0x60, 0x10, 0x82,
    },
    {
        0x28, 0x01, 0x02, 0x03, 0x00, 0x40, 0x00, 0xc2, 0x0c, 0x40, 0x30, 0x83, 0x08, 0xe0, 0xc3, 0x81, 0x0f, 0x60, 0x08, 0x90, 0x30, 0xbf,
        0xe3, 0x9d, 0x02, 0x20, 0x2e, 0xa1, 0xda, 0x23, 0x14, 0xda, 0xd8, 0x23, 0x14, 0xd6, 0x7c, 0x24, 0x00, 0xc2, 0x0d, 0xc0, 0x22, 0xb0,
        0x01, 0x40, 0x5b, 0x82, 0x01, 0x60, 0x1e, 0xb2, 0x01, 0x20, 0x86, 0x92, 0x0c, 0x00, 0x80, 0x02, 0x19, 0x40, 0x00, 0x9a, 0x09, 0x00,
        0x10, 0xb0, 0x90, 0xbf, 0x07, 0x98, 0x0d, 0x40, 0x03, 0x82, 0x01, 0x80, 0x16, 0xc2, 0x00, 0x00, 0x23, 0xc2, 0x7c, 0x24, 0x00, 0xc2,
        0x01, 0x40, 0x03, 0x9a, 0xff, 0x3f, 0x86, 0xb0, 0xfa, 0xff, 0xbf, 0x12, 0x04, 0x20, 0x03, 0x98, 0x5c, 0xfe, 0xff, 0x7f, 0x90, 0xbf,
        0x07, 0x90, 0xea, 0x23, 0x14, 0xda, 0xe8, 0x23, 0x14, 0xd6, 0x0b, 0x40, 0xa3, 0x80, 0x00, 0x20, 0x10, 0x92, 0x0b, 0x00, 0x80, 0x18,
    },
    {
        0x29, 0x01, 0x02, 0x03, 0x0d, 0x00, 0x10, 0xb0, 0x02, 0x60, 0x2b, 0x83, 0x1e, 0x40, 0x00, 0x82, 0x90, 0x7f, 0x00, 0x98, 0x00, 0x00,
        0x03, 0xc2, 0x01, 0x20, 0x06, 0xb0, 0x01, 0x40, 0x02, 0x92, 0x0b, 0x00, 0xa6, 0x80, 0xfc, 0xff, 0xbf, 0x08, 0x04, 0x20, 0x03, 0x98,
        0x0d, 0xc0, 0x22, 0xb0, 0x01, 0x20, 0x06, 0xb0, 0x00, 0x00, 0x80, 0x81, 0x00, 0x00, 0x00, 0x01, 0x00, 0x00, 0x00, 0x01, 0x00, 0x00,
        0x00, 0x01, 0x18, 0x40, 0x72, 0xb0, 0x08, 0xe0, 0xc7, 0x81, 0x00, 0x00, 0xe8, 0x81, 0x00, 0xc2, 0x3f, 0x03, 0xa0, 0x60, 0x10, 0x96,
        0x00, 0x20, 0x10, 0x98, 0x02, 0x20, 0x2b, 0x83, 0x0c, 0x00, 0x03, 0x9a, 0x00, 0x64, 0x13, 0xda, 0x01, 0x20, 0x03, 0x98, 0x19, 0x20,
        0xa3, 0x80, 0xfb, 0xff, 0xbf, 0x04, 0x0b, 0x40, 0x20, 0xda, 0x08, 0xe0, 0xc3, 0x81, 0x00, 0x00, 0x00, 0x01, 0x98, 0xbf, 0xe3, 0x9d,
    },
    {
        0x2a, 0x01, 0x02, 0x03, 0x7c, 0x24, 0x00, 0xc2, 0x01, 0x60, 0x30, 0x83, 0x01, 0x00, 0xa6, 0x80, 0x06, 0x00, 0x80, 0x1a, 0x18, 0x00,
        0x10, 0x90, 0xac, 0xff, 0xff, 0x7f, 0x00, 0x00, 0x00, 0x01, 0x06, 0x00, 0x80, 0x10, 0x08, 0x00, 0x02, 0xb0, 0xa8, 0xff, 0xff, 0x7f,
        0x01, 0x00, 0x26, 0x90, 0x08, 0x00, 0x02, 0x90, 0x01, 0x20, 0x02, 0xb0, 0x08, 0xe0, 0xc7, 0x81, 0x00, 0x00, 0xe8, 0x81, 0x98, 0xbf,
        0xe3, 0x9d, 0x00, 0x20, 0x10, 0xa6, 0xd4, 0x23, 0x00, 0xc2, 0x01, 0xc0, 0xa4, 0x80, 0x59, 0x00, 0x80, 0x1a, 0x48, 0x23, 0x00, 0xe2,
        0x00, 0x20, 0x10, 0xaa, 0x7c, 0x24, 0x00, 0xc2, 0x01, 0x40, 0xa5, 0x80, 0x50, 0x00, 0x80, 0x3a, 0x01, 0xe0, 0x04, 0xa6, 0x02, 0xe0,
        0x2c, 0xa9, 0x18, 0x00, 0x00, 0x03, 0xe0, 0x60, 0x10, 0x82, 0x01, 0x00, 0x05, 0xae, 0xe1, 0xff, 0xff, 0x7f, 0x15, 0x00, 0x10, 0x90,
    },
    {
        0x2b, 0x01, 0x02, 0x03, 0x08, 0x00, 0x10, 0xac, 0x13, 0x00, 0x10, 0x90, 0x6f, 0xff, 0xff, 0x7f, 0x16, 0x00, 0x10, 0x92, 0x00, 0x20,
        0xa6, 0x80, 0x04, 0x00, 0x80, 0x12, 0x08, 0x00, 0x10, 0xa0, 0x0b, 0x00, 0x80, 0x10, 0x00, 0x20, 0x10, 0xa0, 0x4c, 0xff, 0xff, 0x7f,
        0x00, 0x00, 0x00, 0x01, 0x08, 0x00, 0x10, 0x94, 0x13, 0x00, 0x10, 0x90, 0x97, 0xff, 0xff, 0x7f, 0x15, 0x00, 0x10, 0x92, 0x07, 0x20,
        0xa6, 0x80, 0x0f, 0x00, 0x80, 0x18, 0x08, 0x00, 0x10, 0xa4, 0x11, 0x80, 0xa4, 0x80, 0x08, 0x00, 0x80, 0x04, 0x07, 0x20, 0x10, 0x9a,
        0x08, 0x20, 0x10, 0x9a, 0x18, 0x40, 0x23, 0x9a, 0x01, 0x20, 0x10, 0x82, 0x0d, 0x40, 0x28, 0x83, 0x01, 0x00, 0x2c, 0xa0, 0x07, 0x20,
        0x10, 0x9a, 0x18, 0x40, 0x23, 0x9a, 0x01, 0x20, 0x10, 0x82, 0x0d, 0x40, 0x28, 0x83, 0x01, 0x00, 0x14, 0xa0, 0x09, 0x20, 0xa6, 0x80,
    },
    {
        0x2c, 0x01, 0x02, 0x03, 0x0b, 0x00, 0x80, 0x02, 0x08, 0x20, 0x1e, 0x82, 0x01, 0x00, 0xa0, 0x80, 0xff, 0x3f, 0x60, 0x9a, 0x11, 0x80,
        0xa4, 0x80, 0x03, 0x00, 0x80, 0x14, 0x01, 0x20, 0x10, 0x82, 0x00, 0x20, 0x10, 0x82, 0x01, 0x40, 0x8b, 0x80, 0x0f, 0x00, 0x80, 0x02,
        0x08, 0x20, 0xa6, 0x80, 0x00, 0xc0, 0x05, 0xc2, 0x11, 0x40, 0xa0, 0x80, 0x03, 0x00, 0x80, 0x18, 0x11, 0x40, 0x20, 0x9a, 0x01, 0x40,
        0x24, 0x9a, 0x11, 0x80, 0xa4, 0x80, 0x03, 0x00, 0x80, 0x14, 0x11, 0x80, 0x24, 0x82, 0x12, 0x40, 0x24, 0x82, 0x01, 0x40, 0xa3, 0x80,
        0x00, 0x20, 0x64, 0xa0, 0x07, 0x00, 0x80, 0x10, 0x00, 0x20, 0x10, 0xa4, 0x06, 0x00, 0x80, 0x32, 0x00, 0xc0, 0x25, 0xe4, 0xfe, 0x20,
        0xa4, 0x80, 0x02, 0x00, 0x80, 0x24, 0x01, 0x20, 0x04, 0xa0, 0x00, 0xc0, 0x25, 0xe4, 0x16, 0x00, 0x10, 0x92, 0x10, 0x00, 0x10, 0x94,
    },
    {
        0x2d, 0x01, 0x02, 0x03, 0x3d, 0xff, 0xff, 0x7f, 0x13, 0x00, 0x10, 0x90, 0x01, 0x60, 0x05, 0xaa, 0x7c, 0x24, 0x00, 0xc2, 0x01, 0x40,
        0xa5, 0x80, 0xb6, 0xff, 0xbf, 0x0a, 0x10, 0x20, 0x05, 0xa8, 0x01, 0xe0, 0x04, 0xa6, 0xd4, 0x23, 0x00, 0xc2, 0x01, 0xc0, 0xa4, 0x80,
        0xac, 0xff, 0xbf, 0x0a, 0x00, 0x20, 0x10, 0xaa, 0x08, 0xe0, 0xc7, 0x81, 0x00, 0x00, 0xe8, 0x81, 0x00, 0x20, 0x10, 0x98, 0x1e, 0x20,
        0x10, 0x96, 0x00, 0x20, 0xa2, 0x80, 0x03, 0x00, 0x80, 0x12, 0x0c, 0x00, 0x10, 0x82, 0x0c, 0xc0, 0x22, 0x82, 0x02, 0x60, 0x28, 0x83,
        0x80, 0x64, 0x00, 0xda, 0xf0, 0x7f, 0xa3, 0x80, 0x06, 0x00, 0x80, 0x02, 0x02, 0x20, 0x03, 0x98, 0x84, 0x64, 0x00, 0xc2, 0x1f, 0x20,
        0xa3, 0x80, 0xf5, 0xff, 0xbf, 0x04, 0x00, 0x40, 0x23, 0xc2, 0x08, 0xe0, 0xc3, 0x81, 0x00, 0x00, 0x00, 0x01, 0x98, 0xbf, 0xe3, 0x9d,
    },
    {
        0x2e, 0x01, 0x02, 0x03, 0x08, 0x25, 0x00, 0xda, 0x00, 0xc0, 0x3f, 0x03, 0x01, 0x40, 0x0b, 0x9a, 0x80, 0xc1, 0x3f, 0x17, 0x20, 0x20,
        0x20, 0x03, 0x80, 0x60, 0x10, 0x82, 0x38, 0xe0, 0x12, 0x98, 0x00, 0x00, 0x23, 0xc2, 0x00, 0x80, 0x16, 0x03, 0x01, 0x40, 0xa3, 0x80,
        0x00, 0xc0, 0x22, 0xc0, 0x00, 0x20, 0x10, 0xa6, 0x0b, 0x00, 0x80, 0x12, 0x00, 0x20, 0x10, 0xa8, 0x3f, 0x00, 0x00, 0x03, 0x48, 0x25,
        0x00, 0xda, 0xff, 0x63, 0x10, 0x82, 0x01, 0x40, 0x0b, 0x9a, 0x08, 0x25, 0x00, 0xd8, 0xc0, 0xff, 0x3f, 0x03, 0x01, 0x00, 0x0b, 0x98,
        0x0c, 0x40, 0x13, 0x9a, 0x48, 0x25, 0x20, 0xda, 0x00, 0x20, 0xa6, 0x80, 0x2b, 0x00, 0x80, 0x16, 0x56, 0x69, 0x29, 0x1b, 0x40, 0xc0,
        0x3f, 0x1b, 0x48, 0x25, 0x00, 0xc2, 0x0d, 0x40, 0x08, 0x82, 0x40, 0x80, 0x16, 0x1b, 0x0d, 0x40, 0xa0, 0x80, 0x02, 0x00, 0x80, 0x22,
    },
    {
        0x2f, 0x01, 0x02, 0x03, 0x01, 0x20, 0x10, 0xa6, 0x54, 0x26, 0x00, 0xda, 0xdc, 0x21, 0x00, 0xc2, 0x01, 0x40, 0xa3, 0x80, 0x1f, 0x00,
        0x80, 0x1a, 0x56, 0x69, 0x29, 0x1b, 0xa9, 0x96, 0x16, 0x03, 0x0c, 0x25, 0x00, 0xda, 0xa5, 0x61, 0x10, 0x82, 0x01, 0x40, 0xa3, 0x80,
        0x06, 0x00, 0x80, 0x02, 0x56, 0x69, 0x29, 0x03, 0x5a, 0x62, 0x10, 0x82, 0x01, 0x40, 0xa3, 0x80, 0x15, 0x00, 0x80, 0x12, 0x56, 0x69,
        0x29, 0x1b, 0x4c, 0x25, 0x00, 0xc2, 0x04, 0x60, 0x88, 0x80, 0x02, 0x00, 0x80, 0x32, 0x01, 0x20, 0x10, 0xa8, 0x16, 0x00, 0x00, 0x11,
        0x17, 0x00, 0x00, 0x13, 0x30, 0x23, 0x12, 0x90, 0x56, 0x01, 0x00, 0x40, 0x08, 0x62, 0x12, 0x92, 0x18, 0x00, 0x00, 0x03, 0x60, 0x62,
        0x10, 0x96, 0x00, 0x20, 0x10, 0x98, 0x02, 0x20, 0x2b, 0x9b, 0x01, 0x20, 0x03, 0x98, 0xb0, 0x65, 0x03, 0xc2, 0x17, 0x20, 0xa3, 0x80,
    },
    {
        0x30, 0x01, 0x02, 0x03, 0xfc, 0xff, 0xbf, 0x08, 0x0b, 0x40, 0x23, 0xc2, 0x56, 0x69, 0x29, 0x1b, 0x13, 0x00, 0xa0, 0x80, 0x18, 0x00,
        0x38, 0x82, 0x5a, 0x62, 0x13, 0xa4, 0x00, 0x20, 0x40, 0x92, 0x1f, 0x60, 0x30, 0x83, 0xa9, 0x96, 0x16, 0x1b, 0xa5, 0x61, 0x13, 0xa2,
        0x09, 0x40, 0x10, 0x90, 0x4c, 0x25, 0x00, 0xde, 0x48, 0x25, 0x00, 0xe0, 0x00, 0x25, 0x10, 0x98, 0x0c, 0x25, 0x00, 0xc2, 0x50, 0x3a,
        0x03, 0x96, 0x0c, 0x25, 0x1b, 0x94, 0x12, 0x40, 0xa0, 0x80, 0x07, 0x00, 0x80, 0x02, 0x11, 0x40, 0x18, 0x9a, 0x0d, 0x00, 0xa0, 0x80,
        0xff, 0x3f, 0x60, 0x82, 0x09, 0x40, 0x90, 0x80, 0x0a, 0x00, 0x80, 0x02, 0x00, 0x20, 0xa2, 0x80, 0xe0, 0xe0, 0xa2, 0x80, 0x00, 0x20,
        0x40, 0x9a, 0x0a, 0x00, 0xa0, 0x80, 0xff, 0x3f, 0x60, 0x82, 0x01, 0x40, 0x93, 0x80, 0x0a, 0x00, 0x80, 0x32, 0x04, 0x20, 0x03, 0x98,
    },
    {
        0x31, 0x01, 0x02, 0x03, 0x00, 0x20, 0xa2, 0x80, 0x05, 0x00, 0x80, 0x02, 0x70, 0x39, 0x03, 0x82, 0x3f, 0x60, 0xa0, 0x80, 0x04, 0x00,
        0x80, 0x28, 0x04, 0x20, 0x03, 0x98, 0x00, 0x00, 0x23, 0xc0, 0x04, 0x20, 0x03, 0x98, 0x67, 0x28, 0xa3, 0x80, 0xe6, 0xff, 0xbf, 0x28,
        0x0c, 0x25, 0x00, 0xc2, 0x00, 0x20, 0xa6, 0x80, 0x06, 0x00, 0x80, 0x06, 0x3f, 0x00, 0x00, 0x03, 0xff, 0x63, 0x10, 0x82, 0x01, 0xc0,
        0x0b, 0x82, 0x06, 0x00, 0x80, 0x10, 0x4c, 0x25, 0x20, 0xc2, 0xd4, 0x22, 0x10, 0xc2, 0x10, 0x60, 0x28, 0x83, 0x90, 0x26, 0x20, 0xc2,
        0x00, 0x20, 0xa6, 0x80, 0x08, 0x00, 0x80, 0x36, 0x48, 0x25, 0x00, 0xc2, 0x4c, 0x25, 0x00, 0xc2, 0x14, 0x00, 0x05, 0x9a, 0xfd, 0x7f,
        0x08, 0x82, 0x0d, 0x40, 0x10, 0x82, 0x4c, 0x25, 0x20, 0xc2, 0x48, 0x25, 0x00, 0xc2, 0x34, 0x23, 0x00, 0xd8, 0xc8, 0x23, 0x00, 0xda,
    },
    {
        0x32, 0x01, 0x02, 0x03, 0x01, 0x20, 0x03, 0x98, 0xff, 0x7d, 0x08, 0x92, 0x12, 0x60, 0x33, 0x9b, 0x00, 0x62, 0x0b, 0x9a, 0x01, 0x20,
        0x33, 0x83, 0x0d, 0x40, 0x12, 0x92, 0x00, 0xc2, 0x3f, 0x11, 0x01, 0x00, 0x03, 0x82, 0x44, 0x23, 0x00, 0xda, 0x30, 0x20, 0x12, 0x96,
        0x8c, 0x25, 0x20, 0xc2, 0x00, 0xc0, 0x22, 0xda, 0x18, 0x20, 0x34, 0x95, 0x7c, 0x25, 0x20, 0xda, 0x5a, 0xa0, 0xa2, 0x80, 0x54, 0x25,
        0x20, 0xd8, 0x88, 0x25, 0x20, 0xd8, 0x48, 0x25, 0x20, 0xd2, 0x09, 0x00, 0x80, 0x12, 0x70, 0x25, 0x20, 0xda, 0x3f, 0x00, 0x00, 0x03,
        0xff, 0x63, 0x10, 0x82, 0xc0, 0xff, 0x3f, 0x1b, 0x01, 0x40, 0x0a, 0x82, 0x0d, 0x00, 0x0c, 0x9a, 0x0d, 0x40, 0x10, 0x82, 0x48, 0x25,
        0x20, 0xc2, 0x01, 0xe0, 0xa4, 0x80, 0x0c, 0x00, 0x80, 0x12, 0x56, 0x69, 0x29, 0x03, 0x48, 0x25, 0x00, 0xc2, 0x12, 0x60, 0x30, 0x83,
    },
    {
        0x33, 0x01, 0x02, 0x03, 0x01, 0x60, 0x88, 0x80, 0x10, 0x00, 0x80, 0x32, 0x29, 0x20, 0x10, 0x82, 0x74, 0x20, 0x12, 0x9a, 0x30, 0x23,
        0x00, 0xc2, 0x00, 0x40, 0x23, 0xc2, 0x0b, 0x00, 0x80, 0x10, 0x29, 0x20, 0x10, 0x82, 0x0c, 0x25, 0x00, 0xda, 0x5a, 0x62, 0x10, 0x82,
        0x01, 0x40, 0xa3, 0x80, 0x0b, 0x00, 0x80, 0x12, 0x00, 0x00, 0x00, 0x01, 0x4c, 0x25, 0x00, 0xc2, 0x02, 0x60, 0x88, 0x80, 0x07, 0x00,
        0x80, 0x12, 0x15, 0x20, 0x10, 0x82, 0x00, 0x25, 0x20, 0xc2, 0x4c, 0xfe, 0xff, 0x7f, 0xb0, 0x25, 0x10, 0x90, 0xbf, 0xfe, 0xff, 0x7f,
        0x00, 0x00, 0xe8, 0x81, 0x00, 0x00, 0x00, 0x01, 0x08, 0xe0, 0xc7, 0x81, 0x00, 0x00, 0xe8, 0x81, 0x98, 0xbf, 0xe3, 0x9d, 0x13, 0x02,
        0x00, 0x40, 0x00, 0x20, 0x10, 0x90, 0x40, 0xc1, 0x3f, 0x21, 0x7c, 0x24, 0x00, 0xda, 0x40, 0x20, 0x14, 0x98, 0x00, 0x00, 0x03, 0xfa,
    },
    {
        0x34, 0x01, 0x02, 0x03, 0xf8, 0x22, 0x00, 0xc2, 0x01, 0x60, 0x33, 0x9b, 0x01, 0x40, 0x5b, 0x82, 0x00, 0x78, 0x0f, 0xba, 0x01, 0x40,
        0x17, 0xba, 0x00, 0x00, 0x23, 0xfa, 0x04, 0x20, 0x14, 0x82, 0x00, 0x40, 0x00, 0xfa, 0xe0, 0x7f, 0x0f, 0xba, 0x00, 0xc2, 0x3f, 0x39,
        0x0d, 0x40, 0x17, 0xba, 0x00, 0x40, 0x20, 0xfa, 0x80, 0x20, 0x17, 0x94, 0x00, 0x80, 0x02, 0xfa, 0xe0, 0x7f, 0x0f, 0xba, 0x0d, 0x40,
        0x17, 0xba, 0xc0, 0xc0, 0x3f, 0x03, 0x00, 0x80, 0x22, 0xfa, 0x04, 0x60, 0x10, 0xb6, 0x98, 0x22, 0x00, 0xc2, 0x70, 0x20, 0x17, 0x9a,
        0x00, 0x40, 0x23, 0xc2, 0x00, 0xc0, 0x3f, 0x03, 0x38, 0x23, 0x00, 0xda, 0x30, 0x60, 0x10, 0x82, 0x00, 0x40, 0x20, 0xda, 0x2c, 0x23,
        0x00, 0xc2, 0x74, 0x20, 0x17, 0x9e, 0x00, 0xc0, 0x23, 0xc2, 0x3f, 0x00, 0x00, 0x03, 0x58, 0x20, 0x14, 0xa6, 0xff, 0x63, 0x10, 0x82,
    },
    {
        0x35, 0x01, 0x02, 0x03, 0x15, 0x00, 0x00, 0x17, 0x00, 0xc0, 0x24, 0xc2, 0x80, 0xe1, 0x12, 0x96, 0x88, 0x20, 0x14, 0x92, 0x16, 0x00,
        0x00, 0x19, 0x00, 0x40, 0x22, 0xd6, 0x58, 0x20, 0x13, 0x98, 0x8c, 0x20, 0x14, 0x90, 0x00, 0x00, 0x22, 0xd8, 0xf8, 0x23, 0x00, 0xc2,
        0x0c, 0x20, 0x17, 0xa2, 0x00, 0x40, 0x24, 0xc2, 0xfc, 0x23, 0x00, 0xc2, 0x40, 0x00, 0x20, 0x35, 0x08, 0x20, 0x17, 0xa4, 0x00, 0x80,
        0x24, 0xc2, 0x01, 0xa1, 0x16, 0xae, 0x00, 0x00, 0x27, 0xee, 0x5c, 0x20, 0x14, 0xa8, 0x00, 0x00, 0x25, 0xc0, 0x80, 0x20, 0x14, 0xaa,
        0x00, 0x40, 0x25, 0xd6, 0x84, 0x20, 0x14, 0xac, 0x00, 0x80, 0x25, 0xd8, 0x7b, 0xfe, 0xff, 0x7f, 0x00, 0xc0, 0x26, 0xc0, 0x7c, 0x20,
        0x17, 0x9a, 0x00, 0x40, 0x03, 0xfa, 0x00, 0xf0, 0x3f, 0x03, 0x01, 0x40, 0x2f, 0xba, 0x00, 0x40, 0x23, 0xfa, 0xc0, 0xc1, 0x3f, 0x03,
    },
    {
        0x36, 0x01, 0x02, 0x03, 0x40, 0x23, 0x00, 0xda, 0x64, 0x60, 0x10, 0x82, 0x00, 0x40, 0x20, 0xda, 0x7f, 0x00, 0x00, 0x03, 0x10, 0x20,
        0x14, 0x96, 0xff, 0x63, 0x10, 0x82, 0x00, 0xc0, 0x22, 0xc2, 0xc0, 0xff, 0x07, 0x19, 0x30, 0x20, 0x14, 0x94, 0x00, 0x80, 0x22, 0xd8,
        0x14, 0x20, 0x14, 0xa0, 0x00, 0x00, 0x24, 0xd8, 0xd4, 0xfd, 0xff, 0x7f, 0x74, 0x23, 0x00, 0xd0, 0x80, 0xc0, 0x3f, 0x17, 0x74, 0x21,
        0x00, 0xc2, 0xff, 0x3f, 0x10, 0x90, 0x00, 0x60, 0xa0, 0x80, 0x06, 0x00, 0x80, 0x02, 0x08, 0xe0, 0x12, 0x98, 0x74, 0x21, 0x08, 0xc2,
        0x77, 0x21, 0x08, 0xda, 0x00, 0x00, 0x23, 0xc2, 0x00, 0xc0, 0x22, 0xda, 0xe7, 0xfe, 0xff, 0x7f, 0x00, 0x00, 0x00, 0x01, 0xd4, 0xfe,
        0xff, 0x7f, 0x01, 0x20, 0x10, 0x90, 0xff, 0x3f, 0x10, 0x82, 0x00, 0xc0, 0x26, 0xc2, 0x00, 0x00, 0x27, 0xf4, 0x08, 0xe0, 0xc7, 0x81,
    },
    {
        0x37, 0x01, 0x02, 0x03, 0x00, 0x00, 0xe8, 0x81, 0x98, 0xbf, 0xe3, 0x9d, 0x08, 0x25, 0x00, 0xc2, 0xff, 0x60, 0x88, 0x80, 0x1c, 0x00,
        0x80, 0x02, 0x00, 0x00, 0x00, 0x01, 0x08, 0x25, 0x00, 0xc2, 0xff, 0x60, 0x08, 0x82, 0x18, 0x40, 0xa0, 0x80, 0x00, 0x00, 0x3c, 0x21,
        0x14, 0x00, 0x80, 0x12, 0x80, 0xc1, 0x3f, 0x03, 0x82, 0xfc, 0xff, 0x7f, 0x00, 0x00, 0x00, 0x01, 0x00, 0x20, 0x00, 0x1b, 0x80, 0xc1,
        0x3f, 0x03, 0x0d, 0x00, 0x2c, 0x9a, 0x34, 0x60, 0x10, 0x82, 0x00, 0x40, 0x20, 0xda, 0x40, 0xc0, 0x3f, 0x03, 0x0c, 0x60, 0x10, 0x82,
        0x0a, 0x00, 0x00, 0x11, 0x00, 0x40, 0x20, 0xc0, 0x6e, 0xfc, 0xff, 0x7f, 0x04, 0x21, 0x12, 0x90, 0x08, 0x25, 0x00, 0xc2, 0xff, 0x60,
        0x08, 0x82, 0x18, 0x40, 0xa0, 0x80, 0xee, 0xff, 0xbf, 0x10, 0x01, 0x20, 0x04, 0xa0, 0x3c, 0x60, 0x10, 0x82, 0x00, 0x40, 0x20, 0xc0,
    },
    {
        0x38, 0x01, 0x02, 0x03, 0x08, 0xe0, 0xc7, 0x81, 0x00, 0x00, 0xe8, 0x81, 0x00, 0x20, 0x10, 0x9a, 0x02, 0x60, 0x2b, 0x83, 0x01, 0x60,
        0x03, 0x9a, 0xb5, 0x60, 0xa3, 0x80, 0xfd, 0xff, 0xbf, 0x08, 0x01, 0x00, 0x22, 0xc0, 0x08, 0xe0, 0xc3, 0x81, 0x00, 0x00, 0x00, 0x01,
        0xf8, 0x22, 0x00, 0xc2, 0x7c, 0x24, 0x00, 0xda, 0x0d, 0x40, 0x58, 0x82, 0x01, 0x60, 0x30, 0x83, 0x00, 0x20, 0x10, 0x96, 0x01, 0xc0,
        0xa2, 0x80, 0x3b, 0x00, 0x80, 0x1a, 0x3f, 0x00, 0x00, 0x03, 0xff, 0x63, 0x10, 0x94, 0x00, 0x20, 0x10, 0x98, 0x01, 0x60, 0xa2, 0x80,
        0x2e, 0x00, 0x80, 0x02, 0x04, 0x60, 0xa2, 0x80, 0x08, 0x00, 0x80, 0x12, 0x08, 0x60, 0xa2, 0x80, 0x08, 0x00, 0x03, 0xc2, 0x0a, 0x40,
        0x08, 0x9a, 0x12, 0x60, 0x30, 0x83, 0x10, 0x60, 0x28, 0x83, 0x14, 0x00, 0x80, 0x10, 0x02, 0x60, 0x33, 0x9b, 0x15, 0x00, 0x80, 0x28,
    },
    {
        0x39, 0x01, 0x02, 0x03, 0x0c, 0x00, 0x02, 0xda, 0x08, 0x00, 0x03, 0xda, 0x10, 0x60, 0x33, 0x83, 0x01, 0x40, 0x00, 0x82, 0x0a, 0x40,
        0x0b, 0x9a, 0x00, 0x00, 0x80, 0x81, 0x00, 0x00, 0x00, 0x01, 0x00, 0x00, 0x00, 0x01, 0x00, 0x00, 0x00, 0x01, 0x09, 0x40, 0x70, 0x82,
        0x0d, 0x40, 0x03, 0x9a, 0x10, 0x60, 0x28, 0x83, 0x00, 0x00, 0x80, 0x81, 0x00, 0x00, 0x00, 0x01, 0x00, 0x00, 0x00, 0x01, 0x00, 0x00,
        0x00, 0x01, 0x09, 0x40, 0x73, 0x9a, 0x0d, 0x40, 0x00, 0x82, 0x11, 0x00, 0x80, 0x10, 0x08, 0x00, 0x23, 0xc2, 0x10, 0x60, 0x33, 0x83,
        0x00, 0x00, 0x80, 0x81, 0x00, 0x00, 0x00, 0x01, 0x00, 0x00, 0x00, 0x01, 0x00, 0x00, 0x00, 0x01, 0x09, 0x40, 0x70, 0x82, 0x0a, 0x40,
        0x0b, 0x9a, 0x10, 0x60, 0x28, 0x83, 0x00, 0x00, 0x80, 0x81, 0x00, 0x00, 0x00, 0x01, 0x00, 0x00, 0x00, 0x01, 0x00, 0x00, 0x00, 0x01,
    },
    {
        0x3a, 0x01, 0x02, 0x03, 0x09, 0x40, 0x73, 0x9a, 0x0d, 0x40, 0x00, 0x82, 0x0c, 0x00, 0x22, 0xc2, 0xf8, 0x22, 0x00, 0xc2, 0x7c, 0x24,
        0x00, 0xda, 0x0d, 0x40, 0x58, 0x82, 0x01, 0xe0, 0x02, 0x96, 0x01, 0x60, 0x30, 0x83, 0x01, 0xc0, 0xa2, 0x80, 0xcb, 0xff, 0xbf, 0x0a,
        0x04, 0x20, 0x03, 0x98, 0x08, 0xe0, 0xc3, 0x81, 0x00, 0x00, 0x00, 0x01, 0x00, 0x20, 0x10, 0x98, 0x02, 0x20, 0x2b, 0x9b, 0x01, 0x20,
        0x03, 0x98, 0x0d, 0x00, 0x02, 0xc2, 0xb5, 0x20, 0xa3, 0x80, 0xfc, 0xff, 0xbf, 0x04, 0x0d, 0x40, 0x22, 0xc2, 0x08, 0xe0, 0xc3, 0x81,
        0x00, 0x00, 0x00, 0x01, 0x00, 0x00, 0x02, 0xd6, 0x00, 0x40, 0x02, 0xd8, 0x10, 0xe0, 0x32, 0x91, 0x10, 0x20, 0x33, 0x95, 0xff, 0x2f,
        0x0a, 0x90, 0xff, 0xaf, 0x0a, 0x94, 0x07, 0x00, 0x00, 0x03, 0x0a, 0x00, 0x22, 0x9a, 0xff, 0x63, 0x10, 0x82, 0x01, 0x00, 0x0b, 0x94,
    },
    {
        0x3b, 0x01, 0x02, 0x03, 0x01, 0xc0, 0x0a, 0x90, 0x0a, 0x00, 0x22, 0x90, 0x0d, 0x40, 0x5b, 0x9a, 0x08, 0x00, 0x5a, 0x90, 0x08, 0xe0,
        0xc3, 0x81, 0x08, 0x40, 0x03, 0x90, 0x88, 0xbf, 0xe3, 0x9d, 0x04, 0x60, 0x2e, 0x83, 0x18, 0x40, 0x00, 0x82, 0x18, 0x00, 0x00, 0x3b,
        0xe0, 0x60, 0x17, 0xba, 0x02, 0x60, 0x28, 0x83, 0x1d, 0x40, 0x00, 0xf4, 0x00, 0xc0, 0x3f, 0x03, 0x01, 0x60, 0x10, 0x82, 0xe8, 0xbf,
        0x27, 0xc2, 0x40, 0x00, 0x00, 0x03, 0xec, 0xbf, 0x27, 0xc2, 0x40, 0xc0, 0x3f, 0x03, 0xfe, 0x61, 0x10, 0x82, 0xf0, 0xbf, 0x27, 0xc2,
        0x80, 0xbf, 0x00, 0x03, 0x01, 0x61, 0x10, 0x82, 0xf4, 0xbf, 0x27, 0xc2, 0x1d, 0x00, 0x10, 0x9e, 0x00, 0x20, 0x10, 0xb6, 0xf8, 0xbf,
        0x07, 0x9a, 0x0d, 0xc0, 0x06, 0xba, 0xf0, 0x7f, 0x4f, 0xc2, 0x01, 0x00, 0x06, 0xb0, 0xf8, 0x7f, 0x4f, 0xc2, 0x01, 0x40, 0x06, 0xb2,
    },
    {
        0x3c, 0x01, 0x02, 0x03, 0xff, 0x7f, 0x06, 0x82, 0x01, 0x40, 0x16, 0x82, 0x00, 0x20, 0xa6, 0x80, 0x1c, 0x00, 0x80, 0x04, 0x1f, 0x60,
        0x30, 0xbb, 0x08, 0x23, 0x00, 0xc2, 0x18, 0x40, 0xa0, 0x80, 0x00, 0x20, 0x40, 0x82, 0x1d, 0x40, 0x90, 0x80, 0x17, 0x00, 0x80, 0x32,
        0x01, 0xe0, 0x06, 0xb6, 0x00, 0x23, 0x00, 0xc2, 0x01, 0x40, 0xa6, 0x80, 0x12, 0x00, 0x80, 0x18, 0x04, 0x60, 0x2e, 0xbb, 0x18, 0x40,
        0x07, 0x82, 0x03, 0xe0, 0xa6, 0x80, 0x08, 0x00, 0x80, 0x14, 0x02, 0x60, 0x28, 0xb9, 0x0f, 0x00, 0x07, 0xc2, 0x1a, 0x40, 0xa0, 0x80,
        0x0b, 0x00, 0x80, 0x26, 0x01, 0xe0, 0x06, 0xb6, 0x0d, 0x00, 0x80, 0x10, 0x00, 0x20, 0x10, 0xb0, 0x0f, 0x00, 0x07, 0xc2, 0x1a, 0x40,
        0xa0, 0x80, 0x05, 0x00, 0x80, 0x24, 0x01, 0xe0, 0x06, 0xb6, 0x07, 0x00, 0x80, 0x10, 0x00, 0x20, 0x10, 0xb0, 0x01, 0xe0, 0x06, 0xb6,
    },
    {
        0x3d, 0x01, 0x02, 0x03, 0x07, 0xe0, 0xa6, 0x80, 0xdb, 0xff, 0xbf, 0x04, 0x0d, 0xc0, 0x06, 0xba, 0x01, 0x20, 0x10, 0xb0, 0x08, 0xe0,
        0xc7, 0x81, 0x00, 0x00, 0xe8, 0x81, 0x5c, 0x25, 0x20, 0xc0, 0x14, 0x25, 0x20, 0xc0, 0x00, 0x20, 0x10, 0x9a, 0x02, 0x60, 0x2b, 0x83,
        0x01, 0x60, 0x03, 0x9a, 0x38, 0x67, 0x20, 0xc0, 0x09, 0x60, 0xa3, 0x80, 0xfc, 0xff, 0xbf, 0x04, 0x10, 0x67, 0x20, 0xc0, 0x08, 0xe0,
        0xc3, 0x81, 0x00, 0x00, 0x00, 0x01, 0x88, 0xbf, 0xe3, 0x9d, 0xff, 0x3f, 0x06, 0x82, 0xff, 0x7f, 0x06, 0xb8, 0x01, 0x00, 0x16, 0x82,
        0x1c, 0x40, 0x16, 0xba, 0x01, 0x40, 0x97, 0x80, 0x1a, 0x00, 0x10, 0xa4, 0x7c, 0x00, 0x80, 0x06, 0x1b, 0x00, 0x10, 0xa2, 0x08, 0x23,
        0x00, 0xc2, 0x01, 0x00, 0xa6, 0x80, 0x79, 0x00, 0x80, 0x38, 0x00, 0x20, 0x10, 0xb0, 0x00, 0x23, 0x00, 0xc2, 0x01, 0x40, 0xa6, 0x80,
    },
    {
        0x3e, 0x01, 0x02, 0x03, 0x75, 0x00, 0x80, 0x38, 0x00, 0x20, 0x10, 0xb0, 0x01, 0x20, 0x06, 0x96, 0x01, 0x60, 0x06, 0x98, 0xf8, 0xbf,
        0x07, 0xa0, 0xe8, 0xbf, 0x07, 0x82, 0x03, 0x20, 0x10, 0xb0, 0x00, 0x40, 0x20, 0xc0, 0xff, 0x3f, 0x86, 0xb0, 0xfe, 0xff, 0xbf, 0x1c,
        0x04, 0x60, 0x00, 0x82, 0x60, 0x21, 0x00, 0xc2, 0x04, 0x60, 0x88, 0x80, 0x0f, 0x00, 0x80, 0x02, 0x04, 0x20, 0x10, 0xb0, 0x01, 0x60,
        0xa6, 0x80, 0x0b, 0x00, 0x80, 0x02, 0xff, 0x21, 0x10, 0x82, 0x08, 0x23, 0x00, 0xc2, 0x01, 0x00, 0xa6, 0x80, 0x07, 0x00, 0x80, 0x02,
        0xff, 0x21, 0x10, 0x82, 0x00, 0x23, 0x00, 0xc2, 0x01, 0x40, 0xa6, 0x80, 0x05, 0x00, 0x80, 0x12, 0x0c, 0x00, 0xa7, 0x80, 0xff, 0x21,
        0x10, 0x82, 0xf4, 0xbf, 0x27, 0xc2, 0x0c, 0x00, 0xa7, 0x80, 0x30, 0x00, 0x80, 0x14, 0x1c, 0x00, 0x10, 0xb2, 0x1c, 0x00, 0x07, 0x82,
    },
    {
        0x3f, 0x01, 0x02, 0x03, 0x0c, 0x00, 0x03, 0xba, 0x0c, 0x40, 0x07, 0xba, 0x1c, 0x40, 0x00, 0x82, 0x1d, 0x40, 0x20, 0x82, 0x18, 0x00,
        0x00, 0x3b, 0xe0, 0x60, 0x17, 0x90, 0x0b, 0x40, 0x20, 0x9a, 0xfe, 0xff, 0x02, 0xb0, 0x04, 0x60, 0x2e, 0x83, 0x18, 0x40, 0x00, 0x82,
        0x02, 0x60, 0x28, 0x83, 0x0d, 0x00, 0x06, 0xba, 0x08, 0x40, 0x00, 0xb4, 0x08, 0x60, 0x07, 0xb6, 0x01, 0x20, 0x10, 0x92, 0x1b, 0x40,
        0x2a, 0x95, 0x00, 0x20, 0x10, 0x9e, 0x02, 0xe0, 0x2b, 0xb9, 0x20, 0x25, 0x07, 0xfa, 0x11, 0x40, 0x5f, 0xba, 0x1f, 0x60, 0x3f, 0x83,
        0x18, 0x60, 0x30, 0x83, 0x01, 0x40, 0x07, 0xba, 0x00, 0x80, 0x06, 0xc2, 0x12, 0x40, 0x20, 0x82, 0x08, 0x60, 0x3f, 0xbb, 0x01, 0xe0,
        0x03, 0x9e, 0x1d, 0x40, 0xa0, 0x80, 0x05, 0x00, 0x80, 0x04, 0x10, 0x00, 0x07, 0xb8, 0xf0, 0x3f, 0x07, 0xc2, 0x0a, 0x40, 0x10, 0x82,
    },
    {
        0x40, 0x01, 0x02, 0x03, 0xf0, 0x3f, 0x27, 0xc2, 0x03, 0xe0, 0xa3, 0x80, 0xf0, 0xff, 0xbf, 0x08, 0x02, 0xe0, 0x2b, 0xb9, 0x01, 0x20,
        0x06, 0xb0, 0x01, 0xe0, 0x06, 0xb6, 0x0b, 0x00, 0xa6, 0x80, 0xe8, 0xff, 0xbf, 0x04, 0x04, 0xa0, 0x06, 0xb4, 0x01, 0x60, 0x06, 0xb2,
        0x0c, 0x40, 0xa6, 0x80, 0xdc, 0xff, 0xbf, 0x04, 0x03, 0x60, 0x03, 0x9a, 0xe8, 0xbf, 0x07, 0xc2, 0x10, 0x60, 0x88, 0x80, 0x0a, 0x00,
        0x80, 0x02, 0xec, 0xbf, 0x07, 0xfa, 0xf4, 0xbf, 0x07, 0xc2, 0x82, 0x60, 0x88, 0x80, 0x07, 0x00, 0x80, 0x02, 0x10, 0x60, 0x8f, 0x80,
        0x28, 0x60, 0x88, 0x80, 0x1f, 0x00, 0x80, 0x12, 0x03, 0x20, 0x10, 0xb0, 0xec, 0xbf, 0x07, 0xfa, 0x10, 0x60, 0x8f, 0x80, 0x12, 0x00,
        0x80, 0x02, 0xf0, 0xbf, 0x07, 0xc2, 0x82, 0x60, 0x8f, 0x80, 0x07, 0x00, 0x80, 0x02, 0x28, 0x60, 0x8f, 0x80, 0xf4, 0xbf, 0x07, 0xc2,
    },
    {
        0x41, 0x01, 0x02, 0x03, 0x28, 0x60, 0x88, 0x80, 0x14, 0x00, 0x80, 0x32, 0x02, 0x20, 0x10, 0xb0, 0x28, 0x60, 0x8f, 0x80, 0x08, 0x00,
        0x80, 0x02, 0xf0, 0xbf, 0x07, 0xc2, 0xf4, 0xbf, 0x07, 0xc2, 0x82, 0x60, 0x88, 0x80, 0x04, 0x00, 0x80, 0x02, 0xf0, 0xbf, 0x07, 0xc2,
        0x0b, 0x00, 0x80, 0x10, 0x02, 0x20, 0x10, 0xb0, 0x10, 0x60, 0x88, 0x80, 0x08, 0x00, 0x80, 0x02, 0x00, 0x20, 0x10, 0xb0, 0x82, 0x60,
        0x88, 0x80, 0x05, 0x00, 0x80, 0x02, 0x28, 0x60, 0x88, 0x80, 0x03, 0x00, 0x80, 0x12, 0x01, 0x20, 0x10, 0xb0, 0x00, 0x20, 0x10, 0xb0,
        0x08, 0xe0, 0xc7, 0x81, 0x00, 0x00, 0xe8, 0x81, 0x00, 0x20, 0x10, 0x94, 0x14, 0x25, 0x00, 0xc2, 0x01, 0x80, 0xa2, 0x80, 0x00, 0x20,
        0x10, 0x96, 0x0e, 0x00, 0x80, 0x1a, 0x02, 0xe0, 0x2a, 0x9b, 0x10, 0x67, 0x03, 0xc2, 0x01, 0xe0, 0x02, 0x96, 0x00, 0x60, 0xa0, 0x80,
    },
    {
        0x42, 0x01, 0x02, 0x03, 0x06, 0x00, 0x80, 0x02, 0x02, 0xa0, 0x2a, 0x99, 0x10, 0x27, 0x23, 0xc2, 0x38, 0x67, 0x03, 0xc2, 0x01, 0xa0,
        0x02, 0x94, 0x38, 0x27, 0x23, 0xc2, 0x14, 0x25, 0x00, 0xc2, 0xf4, 0xff, 0xbf, 0x10, 0x01, 0xc0, 0xa2, 0x80, 0x08, 0xe0, 0xc3, 0x81,
        0x14, 0x25, 0x20, 0xd4, 0x00, 0x00, 0x02, 0xd4, 0x16, 0x00, 0x00, 0x03, 0x0a, 0x80, 0x02, 0x98, 0x30, 0x63, 0x10, 0x82, 0x01, 0x00,
        0x53, 0xda, 0x90, 0x25, 0x00, 0xc2, 0x0c, 0x40, 0x50, 0xc2, 0x0d, 0x40, 0xa0, 0x96, 0x16, 0x00, 0x80, 0x02, 0x16, 0x00, 0x00, 0x03,
        0x00, 0xe0, 0xa2, 0x80, 0x09, 0x00, 0x80, 0x04, 0x01, 0x20, 0x10, 0x82, 0x04, 0x20, 0x02, 0xda, 0x0d, 0x40, 0x28, 0x83, 0x01, 0xc0,
        0xa2, 0x80, 0x0d, 0x00, 0x80, 0x34, 0x0d, 0xc0, 0x3a, 0x97, 0x0b, 0x00, 0x80, 0x10, 0x01, 0x20, 0x10, 0x96, 0x0a, 0x00, 0x80, 0x16,
    },
    {
        0x43, 0x01, 0x02, 0x03, 0x16, 0x00, 0x00, 0x03, 0x08, 0x20, 0x02, 0xda, 0xff, 0x3f, 0x10, 0x82, 0x0d, 0x40, 0x28, 0x83, 0x01, 0xc0,
        0xa2, 0x80, 0x03, 0x00, 0x80, 0x36, 0xff, 0x3f, 0x10, 0x96, 0x0d, 0xc0, 0x3a, 0x97, 0x16, 0x00, 0x00, 0x03, 0x30, 0x63, 0x10, 0x92,
        0x0a, 0x80, 0x02, 0x82, 0x09, 0x40, 0x50, 0xc2, 0x01, 0xc0, 0x02, 0x96, 0x01, 0xa0, 0x8a, 0x80, 0x0f, 0x00, 0x80, 0x02, 0x1f, 0xa0,
        0x3a, 0x9b, 0x1f, 0x60, 0x33, 0x9b, 0x0d, 0x80, 0x02, 0x9a, 0x01, 0x60, 0x3b, 0x9b, 0x02, 0x60, 0x2b, 0x9b, 0x09, 0x40, 0x03, 0xd8,
        0xc0, 0xff, 0x3f, 0x03, 0x01, 0x00, 0x0b, 0x98, 0x3f, 0x00, 0x00, 0x03, 0xff, 0x63, 0x10, 0x82, 0x01, 0xc0, 0x0a, 0x82, 0x01, 0x00,
        0x03, 0x98, 0x0d, 0x00, 0x80, 0x10, 0x09, 0x40, 0x23, 0xd8, 0x1f, 0x60, 0x33, 0x9b, 0x0d, 0x80, 0x02, 0x9a, 0x01, 0x60, 0x3b, 0x9b,
    },
    {
        0x44, 0x01, 0x02, 0x03, 0x02, 0x60, 0x2b, 0x9b, 0x3f, 0x00, 0x00, 0x03, 0x09, 0x40, 0x03, 0xd8, 0xff, 0x63, 0x10, 0x82, 0x01, 0x00,
        0x0b, 0x98, 0x10, 0xe0, 0x2a, 0x83, 0x0c, 0x40, 0x00, 0x82, 0x09, 0x40, 0x23, 0xc2, 0x00, 0x00, 0x02, 0xc2, 0x7c, 0x24, 0x00, 0xda,
        0x0d, 0x40, 0x00, 0x82, 0x08, 0xe0, 0xc3, 0x81, 0x00, 0x00, 0x22, 0xc2, 0x98, 0xbf, 0xe3, 0x9d, 0x1f, 0x20, 0x3e, 0x83, 0x20, 0x23,
        0x00, 0xd0, 0x18, 0x40, 0x20, 0x82, 0x00, 0x20, 0xa2, 0x80, 0x15, 0x00, 0x80, 0x02, 0x1f, 0x60, 0x30, 0x9b, 0x00, 0xc0, 0x3f, 0x03,
        0x20, 0x60, 0x10, 0xa0, 0x1c, 0x23, 0x00, 0xc2, 0x01, 0x00, 0xa0, 0x80, 0x00, 0x20, 0x40, 0x82, 0x0d, 0x40, 0x88, 0x80, 0x18, 0x23,
        0x00, 0xc2, 0x09, 0x00, 0x80, 0x02, 0x01, 0x00, 0x1e, 0xb0, 0x01, 0x00, 0xa0, 0x80, 0xff, 0x3f, 0x60, 0x82, 0xc6, 0xfa, 0xff, 0x7f,
    },
    {
        0x45, 0x01, 0x02, 0x03, 0x00, 0x00, 0x24, 0xc2, 0x18, 0x23, 0x00, 0xc2, 0x05, 0x00, 0x80, 0x10, 0x00, 0x00, 0x24, 0xc2, 0x00, 0xc0,
        0x3f, 0x03, 0x20, 0x60, 0x10, 0x82, 0x00, 0x40, 0x20, 0xf0, 0x08, 0xe0, 0xc7, 0x81, 0x00, 0x00, 0xe8, 0x81, 0x98, 0xbf, 0xe3, 0x9d,
        0xc4, 0xfa, 0xff, 0x7f, 0x00, 0x00, 0x00, 0x01, 0x00, 0x25, 0x00, 0xe0, 0x28, 0x20, 0xa4, 0x80, 0x13, 0x00, 0x80, 0x08, 0x00, 0x20,
        0xa4, 0x80, 0x84, 0x25, 0x20, 0xc0, 0x00, 0x20, 0x10, 0xa2, 0x02, 0x60, 0x2c, 0x83, 0x04, 0x6f, 0x00, 0xc2, 0x00, 0x60, 0xa0, 0x80,
        0x56, 0x00, 0x80, 0x02, 0x01, 0x60, 0x04, 0xa2, 0x00, 0x40, 0xc0, 0x9f, 0x00, 0x00, 0x00, 0x01, 0x84, 0x25, 0x00, 0xc2, 0x00, 0x60,
        0xa0, 0x80, 0x50, 0x00, 0x80, 0x12, 0x3b, 0x60, 0xa4, 0x80, 0xf6, 0xff, 0xbf, 0x24, 0x02, 0x60, 0x2c, 0x83, 0x4d, 0x00, 0x80, 0x10,
    },
    {
        0x46, 0x01, 0x02, 0x03, 0x00, 0x25, 0x00, 0xc2, 0x0d, 0x00, 0x80, 0x12, 0x14, 0x20, 0xa4, 0x80, 0xcc, 0x2f, 0x00, 0xc2, 0x00, 0x40,
        0xc0, 0x9f, 0x00, 0x00, 0x00, 0x01, 0xf9, 0xfc, 0xff, 0x7f, 0x00, 0x20, 0x10, 0x90, 0xe6, 0xfc, 0xff, 0x7f, 0x01, 0x20, 0x10, 0x90,
        0x4c, 0x25, 0x00, 0xc2, 0xfb, 0x7f, 0x08, 0x82, 0x3f, 0x00, 0x80, 0x10, 0x4c, 0x25, 0x20, 0xc2, 0x0c, 0x00, 0x80, 0x18, 0x15, 0x20,
        0xa4, 0x80, 0x01, 0x20, 0x8c, 0x80, 0x3b, 0x00, 0x80, 0x32, 0x00, 0x25, 0x00, 0xc2, 0xfe, 0x3f, 0x04, 0x90, 0x7b, 0xfc, 0xff, 0x7f,
        0x01, 0x20, 0x32, 0x91, 0x5d, 0xfc, 0xff, 0x7f, 0x00, 0x00, 0x00, 0x01, 0x34, 0x00, 0x80, 0x10, 0x00, 0x25, 0x00, 0xc2, 0x11, 0x00,
        0x80, 0x18, 0x18, 0x20, 0xa4, 0x80, 0x80, 0xc1, 0x3f, 0x03, 0xb0, 0x25, 0x00, 0xda, 0x38, 0x60, 0x10, 0x82, 0x00, 0x40, 0x20, 0xda,
    },
    {
        0x47, 0x01, 0x02, 0x03, 0x00, 0xc2, 0x3f, 0x03, 0x74, 0x60, 0x10, 0x82, 0x2c, 0x23, 0x00, 0xda, 0x00, 0x40, 0x20, 0xda, 0xca, 0xfc,
        0xff, 0x7f, 0x00, 0x20, 0x10, 0x90, 0x4c, 0x25, 0x00, 0xc2, 0x04, 0x60, 0x10, 0x82, 0x4c, 0x25, 0x20, 0xc2, 0x20, 0x00, 0x80, 0x10,
        0xcc, 0x2f, 0x00, 0xc2, 0x0c, 0x00, 0x80, 0x18, 0x28, 0x20, 0xa4, 0x80, 0x00, 0x20, 0x10, 0x90, 0x00, 0x20, 0x10, 0x92, 0xc0, 0x2f,
        0x00, 0xc2, 0x00, 0x40, 0xc0, 0x9f, 0x00, 0x20, 0x10, 0x94, 0x16, 0x00, 0x00, 0x11, 0x0f, 0xfe, 0xff, 0x7f, 0x30, 0x23, 0x12, 0x90,
        0x17, 0x00, 0x80, 0x10, 0x00, 0x25, 0x00, 0xc2, 0x15, 0x00, 0x80, 0x38, 0x00, 0x25, 0x00, 0xc2, 0xbc, 0xfb, 0xff, 0x7f, 0x16, 0x00,
        0x00, 0x23, 0x30, 0x63, 0x14, 0x92, 0xc0, 0x2f, 0x00, 0xc2, 0x00, 0x40, 0xc0, 0x9f, 0xe8, 0x3f, 0x04, 0x94, 0x28, 0x20, 0xa4, 0x80,
    },
    {
        0x48, 0x01, 0x02, 0x03, 0x0c, 0x00, 0x80, 0x32, 0x00, 0x25, 0x00, 0xc2, 0x30, 0x63, 0x14, 0x90, 0x07, 0xfe, 0xff, 0x7f, 0x08, 0x20,
        0x10, 0x92, 0xd8, 0x2f, 0x00, 0xc2, 0x00, 0x60, 0xa0, 0x80, 0x05, 0x00, 0x80, 0x22, 0x00, 0x25, 0x00, 0xc2, 0x00, 0x40, 0xc0, 0x9f,
        0x00, 0x00, 0x00, 0x01, 0x00, 0x25, 0x00, 0xc2, 0x01, 0x00, 0xa4, 0x80, 0x0b, 0x00, 0x80, 0x12, 0xff, 0xff, 0x1f, 0x03, 0xf0, 0x63,
        0x10, 0x82, 0x01, 0x00, 0xa4, 0x80, 0x03, 0x00, 0x80, 0x38, 0x00, 0x00, 0x04, 0x21, 0x01, 0x20, 0x04, 0xa0, 0x80, 0xc1, 0x3f, 0x03,
        0x34, 0x60, 0x10, 0x82, 0x00, 0x40, 0x20, 0xe0, 0x00, 0x25, 0x20, 0xe0, 0x08, 0xe0, 0xc7, 0x81, 0x00, 0x00, 0xe8, 0x81, 0x08, 0xe0,
        0xc3, 0x81, 0x00, 0x00, 0x00, 0x01, 0x60, 0xbf, 0xe3, 0x9d, 0x3f, 0x00, 0x00, 0x1b, 0x50, 0x23, 0x00, 0xc2, 0xff, 0x63, 0x13, 0x9a,
    },
    {
        0x49, 0x01, 0x02, 0x03, 0x0d, 0x40, 0x08, 0xae, 0x01, 0x20, 0x10, 0xa6, 0x00, 0x23, 0x00, 0xda, 0x0d, 0xc0, 0xa4, 0x80, 0x62, 0x00,
        0x80, 0x18, 0x10, 0x60, 0x30, 0xa3, 0x10, 0x20, 0x10, 0xa4, 0x00, 0x20, 0x10, 0xac, 0x00, 0x20, 0x10, 0xaa, 0x00, 0x20, 0x10, 0xa8,
        0x00, 0x60, 0xa4, 0x80, 0x2c, 0x00, 0x80, 0x02, 0x00, 0x20, 0x10, 0xa0, 0x18, 0x00, 0x00, 0x03, 0xe0, 0x60, 0x10, 0x96, 0x00, 0x20,
        0x10, 0x92, 0xc0, 0xbf, 0x07, 0x98, 0x09, 0x00, 0x05, 0x82, 0x40, 0x64, 0x08, 0xda, 0x0d, 0x80, 0x04, 0x82, 0x00, 0x60, 0xa3, 0x80,
        0x08, 0x00, 0x80, 0x02, 0x02, 0x60, 0x28, 0x83, 0x0b, 0x40, 0x00, 0xc2, 0x00, 0x00, 0x23, 0xc2, 0x01, 0x60, 0x02, 0x92, 0x0b, 0x60,
        0xa2, 0x80, 0xf6, 0xff, 0xbf, 0x04, 0x04, 0x20, 0x03, 0x98, 0x38, 0xfa, 0xff, 0x7f, 0xc0, 0xbf, 0x07, 0x90, 0x11, 0xc0, 0xa5, 0x80,
    },
    {
        0x4a, 0x01, 0x02, 0x03, 0x0b, 0x00, 0x80, 0x14, 0x17, 0x00, 0x10, 0x92, 0x02, 0xe0, 0x2d, 0x83, 0x1e, 0x40, 0x00, 0x82, 0xc0, 0x7f,
        0x00, 0x9a, 0x00, 0x40, 0x03, 0xc2, 0x01, 0x60, 0x02, 0x92, 0x01, 0x00, 0x04, 0xa0, 0x11, 0x40, 0xa2, 0x80, 0xfc, 0xff, 0xbf, 0x04,
        0x04, 0x60, 0x03, 0x9a, 0x17, 0x40, 0x24, 0x82, 0x01, 0x60, 0x00, 0x82, 0x1f, 0x20, 0x3c, 0x9b, 0x00, 0x60, 0x83, 0x81, 0x00, 0x00,
        0x00, 0x01, 0x00, 0x00, 0x00, 0x01, 0x00, 0x00, 0x00, 0x01, 0x01, 0x00, 0x7c, 0xa0, 0xae, 0x21, 0x50, 0xc2, 0x01, 0x00, 0xa4, 0x80,
        0x02, 0x00, 0x80, 0x26, 0x01, 0x00, 0x10, 0xa0, 0x18, 0x00, 0x00, 0x03, 0xe0, 0x60, 0x10, 0x94, 0x00, 0x20, 0x10, 0x92, 0x09, 0x40,
        0x05, 0x82, 0x40, 0x64, 0x08, 0xda, 0x0d, 0x80, 0x04, 0x82, 0x02, 0x60, 0x28, 0x99, 0x00, 0x60, 0xa3, 0x80, 0x1d, 0x00, 0x80, 0x02,
    },
    {
        0x4b, 0x01, 0x02, 0x03, 0x0c, 0x00, 0x10, 0x96, 0x00, 0x20, 0xa4, 0x80, 0x0c, 0x00, 0x80, 0x24, 0x0a, 0xc0, 0x02, 0xc2, 0x0a, 0x00,
        0x03, 0xc2, 0x10, 0x40, 0xa0, 0x80, 0x07, 0x00, 0x80, 0x16, 0x00, 0x20, 0x10, 0x98, 0x00, 0x60, 0xa0, 0x80, 0x06, 0x00, 0x80, 0x24,
        0x01, 0x00, 0x10, 0x98, 0x05, 0x00, 0x80, 0x10, 0x0d, 0x80, 0x04, 0x82, 0x0a, 0xc0, 0x02, 0xc2, 0x10, 0x40, 0x20, 0x98, 0x0d, 0x80,
        0x04, 0x82, 0x02, 0x60, 0x28, 0x9b, 0xc8, 0x23, 0x00, 0xc2, 0x11, 0x60, 0x30, 0x83, 0x01, 0x60, 0x88, 0x80, 0x05, 0x00, 0x80, 0x02,
        0x01, 0x60, 0x02, 0x92, 0xaf, 0xe2, 0x0c, 0xc2, 0x01, 0x00, 0x5b, 0x82, 0x07, 0x60, 0x38, 0x99, 0x0b, 0x60, 0xa2, 0x80, 0xe0, 0xff,
        0xbf, 0x04, 0x0a, 0x40, 0x23, 0xd8, 0x01, 0xa0, 0x05, 0xac, 0x0c, 0x20, 0x05, 0xa8, 0x01, 0xa0, 0xa5, 0x80, 0xab, 0xff, 0xbf, 0x04,
    },
    {
        0x4c, 0x01, 0x02, 0x03, 0x0c, 0x60, 0x05, 0xaa, 0x01, 0xe0, 0x04, 0xa6, 0x00, 0x23, 0x00, 0xc2, 0x01, 0xc0, 0xa4, 0x80, 0xa3, 0xff,
        0xbf, 0x08, 0x10, 0xa0, 0x04, 0xa4, 0x08, 0xe0, 0xc7, 0x81, 0x00, 0x00, 0xe8, 0x81, 0x98, 0xbf, 0xe3, 0x9d, 0x18, 0x00, 0x10, 0x9e,
        0x00, 0x60, 0xa6, 0x80, 0x1b, 0x00, 0x80, 0x02, 0x1a, 0x00, 0x10, 0xb0, 0xdf, 0xff, 0x1f, 0x03, 0xff, 0x63, 0x10, 0xb4, 0x00, 0x20,
        0x10, 0x82, 0x02, 0x60, 0x28, 0xbb, 0x09, 0x20, 0xa6, 0x80, 0x01, 0x60, 0x00, 0xb6, 0x06, 0x00, 0x80, 0x12, 0x1d, 0x00, 0x10, 0xb8,
        0x1d, 0x40, 0x06, 0xc2, 0x01, 0x60, 0x30, 0x83, 0x1a, 0x40, 0x08, 0x82, 0x1d, 0x40, 0x26, 0xc2, 0x08, 0x20, 0xa6, 0x80, 0x06, 0x00,
        0x80, 0x08, 0x1c, 0x40, 0x06, 0xc2, 0x1c, 0xc0, 0x03, 0xfa, 0x01, 0x60, 0x37, 0xbb, 0x03, 0x00, 0x80, 0x10, 0x1a, 0x40, 0x0f, 0xba,
    },
    {
        0x4d, 0x01, 0x02, 0x03, 0x1c, 0xc0, 0x03, 0xfa, 0x1d, 0x40, 0x00, 0x82, 0x1c, 0x40, 0x26, 0xc2, 0xb5, 0xe0, 0xa6, 0x80, 0xec, 0xff,
        0xbf, 0x08, 0x1b, 0x00, 0x10, 0x82, 0x08, 0xe0, 0xc7, 0x81, 0x00, 0x00, 0xe8, 0x81, 0x96, 0x96, 0x16, 0x03, 0x80, 0x21, 0x00, 0xda,
        0x5a, 0x62, 0x10, 0x82, 0x01, 0x40, 0xa3, 0x80, 0x00, 0x20, 0x10, 0x94, 0x06, 0x00, 0x80, 0x12, 0x00, 0x20, 0x10, 0x96, 0x80, 0xc1,
        0x3f, 0x03, 0x30, 0x60, 0x10, 0x82, 0x24, 0x00, 0x80, 0x10, 0x00, 0x40, 0x20, 0xda, 0x00, 0xc0, 0x02, 0xc2, 0x04, 0xe0, 0x02, 0x96,
        0xff, 0xe4, 0xa2, 0x80, 0xfd, 0xff, 0xbf, 0x08, 0x01, 0x80, 0x02, 0x94, 0x00, 0x2d, 0x10, 0x96, 0xf8, 0x2f, 0x00, 0xd2, 0x19, 0x00,
        0x00, 0x03, 0x09, 0xc0, 0xa2, 0x80, 0x0b, 0x00, 0x80, 0x1a, 0xff, 0x63, 0x10, 0x90, 0x00, 0xc0, 0x02, 0xd8, 0x04, 0xe0, 0x02, 0x96,
    },
    {
        0x4e, 0x01, 0x02, 0x03, 0x09, 0xc0, 0xa2, 0x80, 0x00, 0x20, 0x40, 0x9a, 0x0b, 0x00, 0xa2, 0x80, 0xff, 0x3f, 0x60, 0x82, 0x01, 0x40,
        0x8b, 0x80, 0xf9, 0xff, 0xbf, 0x12, 0x0c, 0x80, 0x02, 0x94, 0xfc, 0x21, 0x00, 0xc2, 0x01, 0x80, 0x22, 0x94, 0x00, 0x22, 0x00, 0xc2,
        0x01, 0x80, 0x22, 0x94, 0x96, 0x96, 0x16, 0x03, 0x5a, 0x62, 0x10, 0x82, 0x01, 0x80, 0xa2, 0x80, 0x80, 0xc1, 0x3f, 0x03, 0x30, 0x60,
        0x10, 0x82, 0x05, 0x00, 0x80, 0x02, 0x00, 0x40, 0x20, 0xd4, 0x08, 0x00, 0x00, 0x03, 0x34, 0x62, 0xc0, 0x81, 0x01, 0x20, 0x10, 0x90,
        0x00, 0x00, 0x00, 0x01, 0x08, 0xe0, 0xc3, 0x81, 0x00, 0x00, 0x00, 0x01, 0x98, 0xbf, 0xe3, 0x9d, 0x18, 0x00, 0x10, 0x9e, 0x18, 0x00,
        0x00, 0x03, 0x19, 0x00, 0x10, 0xb0, 0xe0, 0x60, 0x10, 0xba, 0x00, 0x20, 0x10, 0xb6, 0x02, 0xe0, 0x2e, 0x83, 0x01, 0xe0, 0x06, 0xb6,
    },
    {
        0x4f, 0x01, 0x02, 0x03, 0xbf, 0xe1, 0xa6, 0x80, 0xfd, 0xff, 0xbf, 0x08, 0x1d, 0x40, 0x20, 0xc0, 0x00, 0x20, 0x10, 0xb6, 0xfc, 0x22,
        0x00, 0xc2, 0x01, 0xc0, 0xa6, 0x80, 0x1c, 0x00, 0x80, 0x1a, 0x18, 0x00, 0x00, 0x03, 0x24, 0x61, 0x10, 0xb2, 0x00, 0x20, 0x10, 0xb4,
        0xf8, 0x22, 0x00, 0xc2, 0x01, 0x80, 0xa6, 0x80, 0x11, 0x00, 0x80, 0x1a, 0x02, 0xe0, 0x2e, 0x83, 0x19, 0x40, 0x00, 0xb8, 0x7c, 0x24,
        0x00, 0xc2, 0x80, 0xe3, 0x0e, 0xfa, 0x01, 0x80, 0x5e, 0x82, 0x1d, 0x40, 0x00, 0x82, 0x01, 0x40, 0x00, 0x82, 0x01, 0x00, 0x16, 0xfa,
        0x01, 0xc0, 0x13, 0xc2, 0x1d, 0x40, 0x20, 0x82, 0x00, 0x00, 0x27, 0xc2, 0x01, 0xa0, 0x06, 0xb4, 0xf8, 0x22, 0x00, 0xc2, 0x01, 0x80,
        0xa6, 0x80, 0xf4, 0xff, 0xbf, 0x0a, 0x40, 0x20, 0x07, 0xb8, 0x01, 0xe0, 0x06, 0xb6, 0xfc, 0x22, 0x00, 0xc2, 0x01, 0xc0, 0xa6, 0x80,
    },
    {
        0x50, 0x01, 0x02, 0x03, 0xea, 0xff, 0xbf, 0x0a, 0x00, 0x20, 0x10, 0xb4, 0x08, 0xe0, 0xc7, 0x81, 0x00, 0x00, 0xe8, 0x81, 0x98, 0xbf,
        0xe3, 0x9d, 0x16, 0x00, 0x00, 0x11, 0xe4, 0x2f, 0x00, 0xc2, 0x00, 0x40, 0xc0, 0x9f, 0x30, 0x23, 0x12, 0x90, 0x9c, 0x25, 0x00, 0xc2,
        0x4c, 0x25, 0x00, 0xd8, 0x02, 0x20, 0x8b, 0x80, 0x34, 0x00, 0x80, 0x02, 0x50, 0x25, 0x20, 0xc2, 0x54, 0x26, 0x00, 0xda, 0x0d, 0x40,
        0x03, 0x82, 0x0d, 0x40, 0x00, 0x82, 0x9c, 0x25, 0x00, 0xda, 0xd8, 0x62, 0x03, 0xb2, 0x01, 0x40, 0x00, 0x82, 0x61, 0x20, 0x10, 0x9a,
        0x01, 0x40, 0x23, 0x9a, 0x07, 0x60, 0x2e, 0x83, 0x1f, 0x60, 0x38, 0x97, 0x00, 0xe0, 0x82, 0x81, 0x00, 0x00, 0x00, 0x01, 0x00, 0x00,
        0x00, 0x01, 0x00, 0x00, 0x00, 0x01, 0x0d, 0x40, 0x78, 0xb2, 0xfd, 0x3f, 0x0b, 0x98, 0x17, 0x00, 0x00, 0x11, 0x4c, 0x25, 0x20, 0xd8,
    },
    {
        0x51, 0x01, 0x02, 0x03, 0xe4, 0x2f, 0x00, 0xc2, 0x00, 0x40, 0xc0, 0x9f, 0x08, 0x22, 0x12, 0x90, 0x14, 0x00, 0x00, 0x11, 0x9c, 0x25,
        0x00, 0xe0, 0xe4, 0x2f, 0x00, 0xc2, 0x00, 0x40, 0xc0, 0x9f, 0xa8, 0x22, 0x12, 0x90, 0x10, 0x40, 0xa6, 0x80, 0xff, 0x3f, 0x60, 0x9a,
        0x9c, 0x25, 0x00, 0xc2, 0x01, 0x40, 0xa6, 0x80, 0xff, 0x3f, 0x60, 0x82, 0x01, 0x40, 0x93, 0x80, 0x12, 0x00, 0x80, 0x22, 0x0c, 0x25,
        0x20, 0xc0, 0x18, 0x00, 0x00, 0x21, 0x8d, 0xfa, 0xff, 0x7f, 0x60, 0x22, 0x14, 0x90, 0x60, 0x22, 0x14, 0xa0, 0x00, 0x20, 0x10, 0xb2,
        0x02, 0x60, 0x2e, 0x9b, 0x01, 0x60, 0x06, 0xb2, 0x10, 0x40, 0x03, 0xc2, 0x17, 0x60, 0xa6, 0x80, 0xfc, 0xff, 0xbf, 0x04, 0xb0, 0x65,
        0x23, 0xc2, 0xf8, 0xfa, 0xff, 0x7f, 0x00, 0x00, 0x00, 0x01, 0x15, 0x20, 0x10, 0x82, 0x10, 0x00, 0x80, 0x10, 0x00, 0x25, 0x20, 0xc2,
    },
    {
        0x52, 0x01, 0x02, 0x03, 0x0c, 0x25, 0x00, 0xc2, 0x00, 0x60, 0xa0, 0x80, 0x0c, 0x00, 0x80, 0x12, 0xa9, 0x96, 0x16, 0x03, 0xa5, 0x61,
        0x10, 0x82, 0x16, 0x00, 0x00, 0x31, 0x14, 0x00, 0x00, 0x33, 0x0c, 0x25, 0x20, 0xc2, 0x58, 0x26, 0x20, 0xc0, 0x54, 0x26, 0x20, 0xc0,
        0x30, 0x23, 0x16, 0xb0, 0xa8, 0x62, 0x16, 0xb2, 0x01, 0xfd, 0xff, 0x7f, 0x00, 0x00, 0xe8, 0x81, 0x00, 0x00, 0x00, 0x01, 0x08, 0xe0,
        0xc7, 0x81, 0x00, 0x00, 0xe8, 0x81, 0x30, 0xbf, 0xe3, 0x9d, 0x48, 0x25, 0x10, 0xc2, 0x01, 0x60, 0x88, 0x80, 0x18, 0x00, 0x10, 0x94,
        0x00, 0x20, 0x10, 0x9a, 0x00, 0x20, 0x10, 0x96, 0x04, 0x00, 0x80, 0x02, 0x00, 0x20, 0x10, 0x98, 0x9c, 0x25, 0x20, 0xc0, 0x2e, 0x00,
        0x80, 0x30, 0x00, 0x20, 0x10, 0x9e, 0x0f, 0x00, 0x03, 0x82, 0x41, 0x64, 0x08, 0xf6, 0x00, 0xe0, 0xa6, 0x80, 0x24, 0x00, 0x80, 0x02,
    },
    {
        0x53, 0x01, 0x02, 0x03, 0x40, 0x64, 0x08, 0xf4, 0x7d, 0x21, 0x08, 0xc2, 0xff, 0x7f, 0x80, 0x80, 0x7f, 0xa3, 0x0e, 0xf4, 0x7f, 0xe3,
        0x0e, 0xf6, 0x1a, 0x00, 0x80, 0x0c, 0x00, 0x20, 0x10, 0xb2, 0xf8, 0xbf, 0x07, 0xb0, 0x7c, 0x24, 0x00, 0xc2, 0x19, 0x40, 0x58, 0x82,
        0x01, 0xc0, 0x06, 0xba, 0x01, 0x80, 0x06, 0x82, 0x01, 0x40, 0x00, 0x82, 0x01, 0x80, 0x52, 0xf8, 0x1d, 0x40, 0x07, 0xba, 0x1d, 0x80,
        0x52, 0xc2, 0x01, 0x00, 0x27, 0xb8, 0x00, 0x60, 0xa6, 0x80, 0x07, 0x00, 0x80, 0x02, 0x98, 0x3f, 0x26, 0xf8, 0x94, 0x3f, 0x06, 0xc2,
        0x01, 0x00, 0xa7, 0x82, 0x03, 0x00, 0x80, 0x2c, 0x01, 0x40, 0x23, 0x9a, 0x01, 0x40, 0x03, 0x9a, 0x7d, 0x21, 0x08, 0xc2, 0x01, 0x60,
        0x06, 0xb2, 0xff, 0x7f, 0x00, 0x82, 0x01, 0x40, 0xa6, 0x80, 0xeb, 0xff, 0xbf, 0x04, 0x04, 0x20, 0x06, 0xb0, 0x01, 0xe0, 0x03, 0x9e,
    },
    {
        0x54, 0x01, 0x02, 0x03, 0x0a, 0xe0, 0xa3, 0x80, 0xdc, 0xff, 0xbf, 0x04, 0x0f, 0x00, 0x03, 0x82, 0x01, 0xe0, 0x02, 0x96, 0x01, 0xe0,
        0xa2, 0x80, 0xd6, 0xff, 0xbf, 0x04, 0x0c, 0x20, 0x03, 0x98, 0x9c, 0x25, 0x20, 0xda, 0x08, 0xe0, 0xc7, 0x81, 0x00, 0x00, 0xe8, 0x81,
        0x58, 0xbf, 0xe3, 0x9d, 0x4d, 0x22, 0x08, 0xc2, 0x00, 0x60, 0xa0, 0x80, 0x04, 0x00, 0x80, 0x12, 0xfe, 0x7f, 0x06, 0x94, 0x9c, 0x25,
        0x20, 0xc0, 0x65, 0x00, 0x80, 0x30, 0x02, 0x60, 0x06, 0xa6, 0x13, 0x80, 0xa2, 0x80, 0x3f, 0x00, 0x80, 0x14, 0x00, 0x20, 0x10, 0x90,
        0x02, 0x20, 0x06, 0xa0, 0xfe, 0x3f, 0x06, 0x96, 0x10, 0xc0, 0xa2, 0x80, 0x36, 0x00, 0x80, 0x14, 0x1f, 0xa0, 0x3a, 0x83, 0x0a, 0x40,
        0x20, 0x82, 0x19, 0x40, 0x06, 0x9a, 0x0a, 0x40, 0x23, 0x9a, 0x02, 0x20, 0x2a, 0x99, 0x1f, 0x60, 0x30, 0xab, 0x1e, 0x00, 0x03, 0x98,
    },
    {
        0x55, 0x01, 0x02, 0x03, 0x18, 0x00, 0x00, 0x03, 0x04, 0x60, 0x2b, 0xa9, 0xe0, 0x60, 0x10, 0xac, 0xb8, 0x3f, 0x03, 0x98, 0xff, 0x3f,
        0x06, 0xa4, 0x01, 0x20, 0x06, 0xa2, 0xff, 0x7f, 0x06, 0x9a, 0x18, 0x00, 0x06, 0x82, 0x0b, 0x40, 0x20, 0x82, 0x01, 0x00, 0x05, 0x82,
        0x12, 0xc0, 0xa2, 0x80, 0x0b, 0x00, 0x80, 0x06, 0x02, 0x60, 0x28, 0x9f, 0x11, 0xc0, 0xa2, 0x80, 0x09, 0x00, 0x80, 0x14, 0x00, 0xe0,
        0xa2, 0x80, 0x0d, 0x80, 0xa2, 0x80, 0x05, 0x00, 0x80, 0x06, 0x01, 0x60, 0x06, 0x82, 0x01, 0x80, 0xa2, 0x80, 0x17, 0x00, 0x80, 0x24,
        0x01, 0xe0, 0x02, 0x96, 0x00, 0xe0, 0xa2, 0x80, 0x10, 0x00, 0x80, 0x24, 0x16, 0xc0, 0x03, 0xc2, 0x08, 0x23, 0x00, 0xc2, 0x0b, 0x40,
        0xa0, 0x80, 0xff, 0x3f, 0x60, 0x82, 0x15, 0x40, 0x88, 0x80, 0x0a, 0x00, 0x80, 0x22, 0x16, 0xc0, 0x03, 0xc2, 0x04, 0xa0, 0x2a, 0x83,
    },
    {
        0x56, 0x01, 0x02, 0x03, 0x0b, 0x40, 0x00, 0x82, 0x02, 0x60, 0x28, 0x93, 0x00, 0x23, 0x00, 0xc2, 0x01, 0x80, 0xa2, 0x80, 0x03, 0x00,
        0x80, 0x38, 0x16, 0xc0, 0x03, 0xc2, 0x16, 0x40, 0x02, 0xc2, 0x00, 0x00, 0x23, 0xc2, 0x01, 0x20, 0x02, 0x90, 0x04, 0x20, 0x03, 0x98,
        0x01, 0xe0, 0x02, 0x96, 0x10, 0xc0, 0xa2, 0x80, 0xdc, 0xff, 0xbf, 0x04, 0x18, 0x00, 0x06, 0x82, 0x01, 0xa0, 0x02, 0x94, 0x13, 0x80,
        0xa2, 0x80, 0xc7, 0xff, 0xbf, 0x04, 0xfe, 0x3f, 0x06, 0x96, 0xb8, 0xbf, 0x07, 0x90, 0xa2, 0xf8, 0xff, 0x7f, 0x10, 0x20, 0x10, 0x92,
        0x4f, 0x22, 0x08, 0xd6, 0xff, 0xe0, 0x0a, 0xb0, 0x4d, 0x22, 0x08, 0xd8, 0x0c, 0x00, 0xa6, 0x80, 0x0b, 0x00, 0x80, 0x14, 0x00, 0x20,
        0x10, 0x90, 0x02, 0x20, 0x2e, 0x83, 0x1e, 0x40, 0x00, 0x82, 0xb8, 0x7f, 0x00, 0x9a, 0x00, 0x40, 0x03, 0xc2, 0x01, 0x20, 0x06, 0xb0,
    },
    {
        0x57, 0x01, 0x02, 0x03, 0x01, 0x00, 0x02, 0x90, 0x0c, 0x00, 0xa6, 0x80, 0xfc, 0xff, 0xbf, 0x04, 0x04, 0x60, 0x03, 0x9a, 0xff, 0xe0,
        0x0a, 0x82, 0x4d, 0x22, 0x08, 0xda, 0x01, 0x40, 0x23, 0x9a, 0x4c, 0x22, 0x08, 0xc2, 0x01, 0x60, 0x03, 0x9a, 0x01, 0x00, 0x5a, 0x82,
        0x1f, 0x60, 0x38, 0x99, 0x00, 0x20, 0x83, 0x81, 0x00, 0x00, 0x00, 0x01, 0x00, 0x00, 0x00, 0x01, 0x00, 0x00, 0x00, 0x01, 0x0d, 0x40,
        0x78, 0x82, 0x1f, 0x60, 0x38, 0x9b, 0x19, 0x60, 0x33, 0x9b, 0x0d, 0x40, 0x00, 0x82, 0x07, 0x60, 0x38, 0x83, 0x9c, 0x25, 0x20, 0xc2,
        0x08, 0xe0, 0xc7, 0x81, 0x00, 0x00, 0xe8, 0x81, 0x98, 0xbf, 0xe3, 0x9d, 0x40, 0x25, 0x00, 0xc2, 0x01, 0x60, 0x00, 0x82, 0x40, 0x25,
        0x20, 0xc2, 0x88, 0x25, 0x00, 0xc2, 0x00, 0x60, 0xa0, 0x80, 0x14, 0x00, 0x80, 0x02, 0x17, 0x00, 0x00, 0x11, 0x94, 0x25, 0x00, 0xc2,
    },
    {
        0x58, 0x01, 0x02, 0x03, 0x00, 0x60, 0xa0, 0x80, 0x04, 0x00, 0x80, 0x12, 0x08, 0x22, 0x12, 0x90, 0xff, 0xfb, 0xff, 0x7f, 0x00, 0x00,
        0x00, 0x01, 0x88, 0x25, 0x00, 0xda, 0x94, 0x25, 0x00, 0xc2, 0x01, 0x60, 0x00, 0x82, 0xff, 0x7f, 0x03, 0x9a, 0x94, 0x25, 0x20, 0xc2,
        0xab, 0xf9, 0xff, 0x7f, 0x88, 0x25, 0x20, 0xda, 0x17, 0x00, 0x00, 0x13, 0x08, 0x62, 0x12, 0x92, 0xc0, 0x2f, 0x00, 0xc2, 0x00, 0x40,
        0xc0, 0x9f, 0x94, 0x25, 0x00, 0xd4, 0x00, 0x00, 0x00, 0x01, 0x08, 0xe0, 0xc7, 0x81, 0x00, 0x00, 0xe8, 0x81, 0x88, 0x25, 0x00, 0xc2,
        0x01, 0x60, 0xa0, 0x80, 0x1a, 0x00, 0x80, 0x12, 0x98, 0x22, 0x00, 0xda, 0x48, 0x25, 0x10, 0xc2, 0x01, 0x60, 0x88, 0x80, 0x09, 0x00,
        0x80, 0x22, 0x08, 0x22, 0x00, 0xc2, 0x70, 0x21, 0x00, 0xc2, 0x00, 0x60, 0xa0, 0x80, 0x05, 0x00, 0x80, 0x22, 0x08, 0x22, 0x00, 0xc2,
    },
    {
        0x59, 0x01, 0x02, 0x03, 0x98, 0x25, 0x20, 0xc0, 0x0f, 0x00, 0x80, 0x10, 0x01, 0x00, 0x10, 0x9a, 0x00, 0x60, 0xa0, 0x80, 0x09, 0x00,
        0x80, 0x22, 0x98, 0x25, 0x00, 0xc2, 0x58, 0x25, 0x00, 0xc2, 0x00, 0x60, 0xa0, 0x80, 0x05, 0x00, 0x80, 0x32, 0x98, 0x25, 0x00, 0xc2,
        0x98, 0x25, 0x20, 0xc0, 0x05, 0x00, 0x80, 0x10, 0x34, 0x22, 0x00, 0xda, 0x00, 0x60, 0xa0, 0x80, 0x02, 0x00, 0x80, 0x22, 0x3c, 0x23,
        0x00, 0xda, 0x00, 0xc2, 0x3f, 0x03, 0x70, 0x60, 0x10, 0x82, 0x08, 0xe0, 0xc3, 0x81, 0x00, 0x40, 0x20, 0xda, 0x98, 0xbf, 0xe3, 0x9d,
        0x88, 0x25, 0x00, 0xc2, 0x00, 0x60, 0xa0, 0x80, 0x10, 0x00, 0x80, 0x02, 0x17, 0x00, 0x00, 0x11, 0x48, 0x25, 0x00, 0xd8, 0x10, 0x20,
        0x33, 0x83, 0x01, 0x60, 0x88, 0x80, 0x10, 0x00, 0x80, 0x22, 0x8c, 0x25, 0x00, 0xc2, 0x58, 0x25, 0x00, 0xc2, 0x00, 0x60, 0xa0, 0x80,
    },
    {
        0x5a, 0x01, 0x02, 0x03, 0x0c, 0x00, 0x80, 0x32, 0x8c, 0x25, 0x00, 0xc2, 0x94, 0x25, 0x00, 0xc2, 0x01, 0x60, 0xa0, 0x80, 0x08, 0x00,
        0x80, 0x32, 0x8c, 0x25, 0x00, 0xc2, 0x17, 0x00, 0x00, 0x11, 0x08, 0x22, 0x12, 0x90, 0x90, 0x25, 0x20, 0xd0, 0x88, 0x25, 0x20, 0xc0,
        0x1a, 0x00, 0x80, 0x10, 0x94, 0x25, 0x00, 0xd2, 0x00, 0x60, 0xa0, 0x80, 0x15, 0x00, 0x80, 0x12, 0x01, 0x20, 0x10, 0x82, 0x54, 0x25,
        0x00, 0xda, 0x98, 0x25, 0x00, 0xc2, 0x0d, 0x40, 0xa0, 0x80, 0x07, 0x00, 0x80, 0x1a, 0x14, 0x00, 0x00, 0x03, 0x01, 0x20, 0x10, 0x82,
        0x8c, 0x25, 0x20, 0xda, 0x84, 0x25, 0x20, 0xc2, 0x2b, 0x00, 0x80, 0x10, 0x98, 0x25, 0x20, 0xc0, 0x00, 0x24, 0x8b, 0x80, 0x04, 0x00,
        0x80, 0x12, 0xa8, 0x62, 0x10, 0x82, 0x13, 0x00, 0x00, 0x03, 0xd0, 0x63, 0x10, 0x82, 0x90, 0x25, 0x20, 0xc2, 0x98, 0x25, 0x00, 0xd2,
    },
    {
        0x5b, 0x01, 0x02, 0x03, 0x04, 0x00, 0x80, 0x10, 0x90, 0x25, 0x00, 0xd0, 0x20, 0x00, 0x80, 0x10, 0x84, 0x25, 0x20, 0xc2, 0xa6, 0xfb,
        0xff, 0x7f, 0x00, 0x00, 0x00, 0x01, 0x16, 0x00, 0x00, 0x13, 0xd0, 0x2f, 0x00, 0xc2, 0x30, 0x63, 0x12, 0x92, 0x00, 0x40, 0xc0, 0x9f,
        0x90, 0x25, 0x00, 0xd0, 0x90, 0x26, 0x00, 0xc2, 0xff, 0x7d, 0x08, 0x82, 0x90, 0x26, 0x20, 0xc2, 0x80, 0x20, 0x10, 0x82, 0x6c, 0x25,
        0x20, 0xc2, 0x00, 0x22, 0x00, 0xc2, 0x00, 0x60, 0xa0, 0x80, 0x08, 0x00, 0x80, 0x32, 0x48, 0x25, 0x00, 0xc2, 0x48, 0x25, 0x00, 0xda,
        0x10, 0x60, 0x33, 0x83, 0x01, 0x60, 0x88, 0x80, 0x06, 0x00, 0x80, 0x22, 0x04, 0x00, 0x00, 0x03, 0x48, 0x25, 0x00, 0xc2, 0x04, 0x00,
        0x00, 0x1b, 0x03, 0x00, 0x80, 0x10, 0x0d, 0x40, 0x10, 0x82, 0x01, 0x40, 0x2b, 0x82, 0x48, 0x25, 0x20, 0xc2, 0x48, 0x25, 0x00, 0xc2,
    },
    {
        0x5c, 0x01, 0x02, 0x03, 0xbf, 0x7f, 0x08, 0x82, 0x48, 0x25, 0x20, 0xc2, 0x08, 0xe0, 0xc7, 0x81, 0x00, 0x00, 0xe8, 0x81, 0x08, 0x25,
        0x00, 0xda, 0x00, 0xc0, 0x3f, 0x03, 0x01, 0x40, 0x0b, 0x96, 0x00, 0x7f, 0x8b, 0x80, 0x1a, 0x00, 0x80, 0x02, 0xa5, 0x20, 0x10, 0x90,
        0x3f, 0x00, 0x00, 0x15, 0x00, 0xa3, 0x12, 0x82, 0x01, 0x40, 0x0b, 0x98, 0x00, 0x40, 0x29, 0x03, 0x01, 0xc0, 0xa2, 0x80, 0x13, 0x00,
        0x80, 0x02, 0x00, 0x00, 0x00, 0x01, 0x4c, 0x25, 0x00, 0xc2, 0x0c, 0x40, 0x10, 0x82, 0x4c, 0x25, 0x20, 0xc2, 0x00, 0x25, 0x00, 0xc2,
        0x28, 0x60, 0xa0, 0x80, 0x08, 0x25, 0x20, 0xc0, 0x0b, 0x00, 0x80, 0x08, 0xc0, 0xff, 0x3f, 0x03, 0x01, 0x40, 0x0b, 0x9a, 0x00, 0x80,
        0x16, 0x03, 0x01, 0xc0, 0xa2, 0x80, 0x06, 0x00, 0x80, 0x12, 0xff, 0xa3, 0x12, 0x98, 0x48, 0x25, 0x00, 0xc2, 0x0c, 0x40, 0x08, 0x82,
    },
    {
        0x5d, 0x01, 0x02, 0x03, 0x0d, 0x40, 0x10, 0x82, 0x48, 0x25, 0x20, 0xc2, 0x06, 0x00, 0x00, 0x03, 0x84, 0x63, 0xc0, 0x81, 0x00, 0x00,
        0x00, 0x01, 0x00, 0x00, 0x00, 0x01, 0x7c, 0x24, 0x00, 0xda, 0xf8, 0x22, 0x00, 0xc2, 0x0d, 0x40, 0x58, 0x82, 0x01, 0x60, 0x30, 0x83,
        0x00, 0x20, 0x10, 0x9a, 0x01, 0x40, 0xa3, 0x80, 0x15, 0x00, 0x80, 0x1a, 0xdf, 0xff, 0x1f, 0x03, 0xff, 0x63, 0x10, 0x96, 0x01, 0x60,
        0x03, 0x98, 0x08, 0x60, 0xa2, 0x80, 0x06, 0x00, 0x80, 0x04, 0x02, 0x60, 0x2b, 0x9b, 0x0d, 0x00, 0x02, 0xc2, 0x01, 0x60, 0x30, 0x83,
        0x03, 0x00, 0x80, 0x10, 0x0b, 0x40, 0x08, 0x82, 0x0d, 0x00, 0x02, 0xc2, 0x09, 0x40, 0x58, 0x82, 0x0d, 0x00, 0x22, 0xc2, 0x7c, 0x24,
        0x00, 0xda, 0xf8, 0x22, 0x00, 0xc2, 0x0d, 0x40, 0x58, 0x82, 0x01, 0x60, 0x30, 0x83, 0x01, 0x00, 0xa3, 0x80, 0xf0, 0xff, 0xbf, 0x0a,
    },
    {
        0x5e, 0x01, 0x02, 0x03, 0x0c, 0x00, 0x10, 0x9a, 0x08, 0xe0, 0xc3, 0x81, 0x00, 0x00, 0x00, 0x01, 0x98, 0xbf, 0xe3, 0x9d, 0x48, 0x25,
        0x10, 0xc2, 0x01, 0x60, 0x88, 0x80, 0x68, 0x00, 0x80, 0x12, 0x00, 0x00, 0x00, 0x01, 0x60, 0x24, 0x00, 0xe6, 0x00, 0xe0, 0xa4, 0x80,
        0x64, 0x00, 0x80, 0x02, 0x00, 0x00, 0x00, 0x01, 0x88, 0x25, 0x00, 0xc2, 0x94, 0x25, 0x00, 0xda, 0x0d, 0x40, 0x00, 0x98, 0x54, 0x25,
        0x00, 0xc2, 0x01, 0x00, 0xa3, 0x80, 0x5d, 0x00, 0x80, 0x12, 0x00, 0x00, 0x00, 0x01, 0x98, 0x25, 0x00, 0xda, 0x8c, 0x25, 0x00, 0xc2,
        0x0d, 0x40, 0x00, 0x82, 0x0c, 0x40, 0xa0, 0x80, 0x04, 0x00, 0x80, 0x02, 0x00, 0x60, 0xa3, 0x80, 0x55, 0x00, 0x80, 0x12, 0x00, 0x00,
        0x00, 0x01, 0x01, 0x20, 0x10, 0x96, 0x7e, 0x21, 0x08, 0xc2, 0x01, 0xc0, 0xa2, 0x80, 0x2e, 0x00, 0x80, 0x14, 0x00, 0x20, 0x10, 0x9e,
    },
    {
        0x5f, 0x01, 0x02, 0x03, 0x01, 0x00, 0x10, 0xa4, 0x7f, 0x21, 0x08, 0xe2, 0x18, 0x00, 0x00, 0x13, 0x01, 0x20, 0x10, 0x94, 0x11, 0x80,
        0xa2, 0x80, 0x20, 0x00, 0x80, 0x14, 0x00, 0x20, 0x10, 0xa0, 0x02, 0xe0, 0x2a, 0x83, 0x40, 0x60, 0x00, 0x98, 0xe0, 0x60, 0x12, 0xac,
        0xa0, 0x60, 0x12, 0xaa, 0x20, 0x61, 0x12, 0xa8, 0x7f, 0x21, 0x08, 0xd0, 0x16, 0x00, 0x03, 0xda, 0x13, 0x40, 0xa3, 0x80, 0x13, 0x00,
        0x80, 0x26, 0x01, 0xa0, 0x02, 0x94, 0x01, 0xa0, 0xa2, 0x80, 0x07, 0x00, 0x80, 0x22, 0x7f, 0x21, 0x08, 0xc2, 0x15, 0x00, 0x03, 0xc2,
        0x01, 0x40, 0xa3, 0x80, 0x0c, 0x00, 0x80, 0x24, 0x01, 0xa0, 0x02, 0x94, 0x7f, 0x21, 0x08, 0xc2, 0x01, 0x80, 0xa2, 0x80, 0x07, 0x00,
        0x80, 0x22, 0x01, 0x20, 0x04, 0xa0, 0x14, 0x00, 0x03, 0xc2, 0x01, 0x40, 0xa3, 0x80, 0x04, 0x00, 0x80, 0x26, 0x01, 0xa0, 0x02, 0x94,
    },
    {
        0x60, 0x01, 0x02, 0x03, 0x01, 0x20, 0x04, 0xa0, 0x01, 0xa0, 0x02, 0x94, 0x08, 0x80, 0xa2, 0x80, 0xea, 0xff, 0xbf, 0x04, 0x40, 0x20,
        0x03, 0x98, 0x0f, 0x00, 0xa4, 0x80, 0x02, 0x00, 0x80, 0x34, 0x10, 0x00, 0x10, 0x9e, 0x01, 0xe0, 0x02, 0x96, 0x12, 0xc0, 0xa2, 0x80,
        0xda, 0xff, 0xbf, 0x24, 0x01, 0x20, 0x10, 0x94, 0x00, 0x20, 0x10, 0x96, 0x64, 0xe4, 0x0a, 0xc2, 0x00, 0x60, 0xa0, 0x80, 0x06, 0x00,
        0x80, 0x22, 0x01, 0xe0, 0x02, 0x96, 0x01, 0xc0, 0xa3, 0x80, 0x07, 0x00, 0x80, 0x34, 0x78, 0xe2, 0x0a, 0xc2, 0x01, 0xe0, 0x02, 0x96,
        0x03, 0xe0, 0xa2, 0x80, 0xf8, 0xff, 0xbf, 0x24, 0x64, 0xe4, 0x0a, 0xc2, 0x16, 0x00, 0x80, 0x30, 0x6c, 0x25, 0x00, 0xda, 0x0d, 0x40,
        0x58, 0x82, 0x07, 0x60, 0x30, 0x83, 0x6c, 0x25, 0x20, 0xc2, 0x68, 0xe4, 0x0a, 0xe0, 0x00, 0x20, 0xa4, 0x80, 0x0f, 0x00, 0x80, 0x02,
    },
    {
        0x61, 0x01, 0x02, 0x03, 0x01, 0x20, 0x10, 0x82, 0x84, 0x25, 0x20, 0xc2, 0x90, 0x25, 0x00, 0xd0, 0x83, 0xff, 0xff, 0x7f, 0x54, 0x25,
        0x00, 0xd2, 0x88, 0x25, 0x00, 0xc2, 0x10, 0x40, 0x00, 0x82, 0x88, 0x25, 0x20, 0xc2, 0x8c, 0x25, 0x00, 0xda, 0x54, 0x25, 0x00, 0xc2,
        0x01, 0x40, 0xa3, 0x80, 0x03, 0x00, 0x80, 0x18, 0x10, 0x40, 0x03, 0x82, 0x8c, 0x25, 0x20, 0xc2, 0x08, 0xe0, 0xc7, 0x81, 0x00, 0x00,
        0xe8, 0x81, 0x98, 0xbf, 0xe3, 0x9d, 0x88, 0x25, 0x00, 0xc2, 0x00, 0x60, 0xa0, 0x80, 0x60, 0x00, 0x80, 0x12, 0x00, 0x00, 0x00, 0x01,
        0xf4, 0x26, 0x00, 0xc2, 0x01, 0x60, 0x00, 0x82, 0x10, 0x23, 0x00, 0xda, 0x0d, 0x40, 0xa0, 0x80, 0x5a, 0x00, 0x80, 0x0a, 0xf4, 0x26,
        0x20, 0xc2, 0x7c, 0x22, 0x00, 0xd8, 0x00, 0x20, 0xa3, 0x80, 0x32, 0x00, 0x80, 0x02, 0xf4, 0x26, 0x20, 0xc0, 0xf8, 0x22, 0x00, 0xda,
    },
    {
        0x62, 0x01, 0x02, 0x03, 0x7c, 0x24, 0x00, 0xc2, 0x01, 0x40, 0x5b, 0x96, 0x07, 0x00, 0x00, 0x03, 0xff, 0x63, 0x10, 0x82, 0x0d, 0x20,
        0x33, 0x9b, 0x00, 0x20, 0x10, 0xa2, 0x01, 0x40, 0x0b, 0x92, 0x0b, 0x40, 0xa4, 0x80, 0x01, 0x00, 0x0b, 0x90, 0x00, 0x20, 0x10, 0x94,
        0x15, 0x00, 0x80, 0x1a, 0x00, 0x20, 0x10, 0xa0, 0x17, 0x00, 0x00, 0x03, 0x08, 0x62, 0x10, 0xa4, 0x00, 0x7c, 0x00, 0x82, 0x30, 0x63,
        0x10, 0x9e, 0x10, 0x00, 0x04, 0x9a, 0x12, 0x40, 0x13, 0xc2, 0x01, 0x40, 0xa2, 0x80, 0x11, 0x00, 0x40, 0xa2, 0x0f, 0x40, 0x53, 0xc2,
        0x08, 0x40, 0xa0, 0x80, 0x05, 0x00, 0x80, 0x0a, 0x01, 0x20, 0x04, 0xa0, 0x09, 0x40, 0xa0, 0x80, 0x04, 0x00, 0x80, 0x08, 0x0b, 0x00,
        0xa4, 0x80, 0x01, 0xa0, 0x02, 0x94, 0x0b, 0x00, 0xa4, 0x80, 0xf4, 0xff, 0xbf, 0x0a, 0x10, 0x00, 0x04, 0x9a, 0x1a, 0x20, 0x33, 0xa1,
    },
    {
        0x63, 0x01, 0x02, 0x03, 0x10, 0x40, 0xa4, 0x80, 0x03, 0x00, 0x80, 0x14, 0x01, 0x20, 0x10, 0x9a, 0x00, 0x20, 0x10, 0x9a, 0x10, 0x80,
        0xa2, 0x80, 0x03, 0x00, 0x80, 0x14, 0x01, 0x20, 0x10, 0x82, 0x00, 0x20, 0x10, 0x82, 0x01, 0x40, 0x93, 0x80, 0x07, 0x00, 0x80, 0x22,
        0x74, 0x22, 0x00, 0xc2, 0x80, 0xc1, 0x3f, 0x03, 0x00, 0x80, 0x00, 0x1b, 0x3c, 0x60, 0x10, 0x82, 0x00, 0x40, 0x20, 0xda, 0x74, 0x22,
        0x00, 0xc2, 0x00, 0x60, 0xa0, 0x80, 0x22, 0x00, 0x80, 0x02, 0x00, 0x20, 0x10, 0xa2, 0xd4, 0x23, 0x00, 0xc2, 0x01, 0x40, 0xa4, 0x80,
        0x00, 0x20, 0x10, 0xa4, 0x16, 0x00, 0x80, 0x1a, 0x00, 0x20, 0x10, 0xa0, 0x7c, 0x24, 0x00, 0xc2, 0x01, 0x00, 0xa4, 0x80, 0x0f, 0x00,
        0x80, 0x3a, 0x01, 0xa0, 0x04, 0xa4, 0xc3, 0xf8, 0xff, 0x7f, 0x10, 0x00, 0x10, 0x90, 0x08, 0x00, 0x10, 0x92, 0x52, 0xf8, 0xff, 0x7f,
    },
    {
        0x64, 0x01, 0x02, 0x03, 0x12, 0x00, 0x10, 0x90, 0x3f, 0x00, 0x00, 0x03, 0x74, 0x22, 0x00, 0xda, 0xff, 0x63, 0x10, 0x82, 0x01, 0x40,
        0x0b, 0x9a, 0x0d, 0x00, 0xa2, 0x80, 0x11, 0x00, 0x40, 0xa2, 0xf1, 0xff, 0xbf, 0x10, 0x01, 0x20, 0x04, 0xa0, 0xd4, 0x23, 0x00, 0xc2,
        0xec, 0xff, 0xbf, 0x10, 0x01, 0x80, 0xa4, 0x80, 0x74, 0x22, 0x10, 0xc2, 0x01, 0x40, 0xa4, 0x80, 0x05, 0x00, 0x80, 0x08, 0x80, 0xc1,
        0x3f, 0x03, 0x00, 0x40, 0x00, 0x1b, 0x3c, 0x60, 0x10, 0x82, 0x00, 0x40, 0x20, 0xda, 0x08, 0xe0, 0xc7, 0x81, 0x00, 0x00, 0xe8, 0x81,
        0x98, 0xbf, 0xe3, 0x9d, 0xbc, 0x2f, 0x00, 0xc2, 0x00, 0x40, 0xc0, 0x9f, 0x00, 0x00, 0x00, 0x01, 0x00, 0x00, 0x00, 0x01, 0x08, 0xe0,
        0xc7, 0x81, 0x00, 0x00, 0xe8, 0x81, 0x30, 0xbf, 0xe3, 0x9d, 0x58, 0x24, 0x50, 0xe2, 0x00, 0x60, 0xa4, 0x80, 0x65, 0x00, 0x80, 0x02,
    },
    {
        0x65, 0x01, 0x02, 0x03, 0x00, 0x00, 0x00, 0x01, 0x7f, 0x21, 0x08, 0xc2, 0x01, 0x40, 0xa4, 0x80, 0x61, 0x00, 0x80, 0x16, 0x01, 0x20,
        0x10, 0xa0, 0x7e, 0x21, 0x08, 0xc2, 0x01, 0x00, 0xa4, 0x80, 0x5d, 0x00, 0x80, 0x14, 0x5a, 0x24, 0x50, 0xe4, 0x01, 0x20, 0x10, 0x96,
        0x7f, 0x21, 0x08, 0xc2, 0x01, 0xc0, 0xa2, 0x80, 0x0f, 0x00, 0x80, 0x14, 0x18, 0x00, 0x00, 0x03, 0x02, 0x20, 0x2c, 0x9b, 0xe0, 0x60,
        0x10, 0x82, 0x01, 0x40, 0x03, 0x9a, 0x40, 0x60, 0x03, 0x9a, 0x90, 0xbf, 0x07, 0x98, 0x00, 0x40, 0x03, 0xc2, 0x00, 0x00, 0x23, 0xc2,
        0x01, 0xe0, 0x02, 0x96, 0x7f, 0x21, 0x08, 0xc2, 0x01, 0xc0, 0xa2, 0x80, 0x40, 0x60, 0x03, 0x9a, 0xfa, 0xff, 0xbf, 0x04, 0x04, 0x20,
        0x03, 0x98, 0x90, 0xbf, 0x07, 0x90, 0xb9, 0xf6, 0xff, 0x7f, 0x7f, 0x21, 0x08, 0xd2, 0x12, 0x00, 0x10, 0x96, 0x11, 0x80, 0xa4, 0x80,
    },
    {
        0x66, 0x01, 0x02, 0x03, 0x0b, 0x00, 0x80, 0x14, 0x00, 0x20, 0x10, 0x94, 0x02, 0xa0, 0x2c, 0x83, 0x1e, 0x40, 0x00, 0x82, 0x90, 0x7f,
        0x00, 0x9a, 0x00, 0x40, 0x03, 0xc2, 0x01, 0xe0, 0x02, 0x96, 0x01, 0x80, 0x02, 0x94, 0x11, 0xc0, 0xa2, 0x80, 0xfc, 0xff, 0xbf, 0x04,
        0x04, 0x60, 0x03, 0x9a, 0x12, 0x40, 0x24, 0x82, 0x01, 0x60, 0x00, 0x82, 0x1f, 0xa0, 0x3a, 0x9b, 0x00, 0x60, 0x83, 0x81, 0x00, 0x00,
        0x00, 0x01, 0x00, 0x00, 0x00, 0x01, 0x00, 0x00, 0x00, 0x01, 0x01, 0x80, 0x7a, 0x94, 0xac, 0x21, 0x50, 0xc2, 0x01, 0x80, 0xa2, 0x80,
        0x02, 0x00, 0x80, 0x26, 0x01, 0x00, 0x10, 0x94, 0x01, 0x20, 0x10, 0x96, 0x7f, 0x21, 0x08, 0xc2, 0x01, 0xc0, 0xa2, 0x80, 0x25, 0x00,
        0x80, 0x14, 0x02, 0x20, 0x2c, 0x83, 0x18, 0x00, 0x00, 0x11, 0x40, 0x60, 0x00, 0x98, 0xe0, 0x20, 0x12, 0x92, 0x00, 0xa0, 0xa2, 0x80,
    },
    {
        0x67, 0x01, 0x02, 0x03, 0x0b, 0x00, 0x80, 0x04, 0xe0, 0x20, 0x12, 0x9a, 0x0d, 0x00, 0x03, 0xc2, 0x0a, 0x40, 0xa0, 0x80, 0x08, 0x00,
        0x80, 0x36, 0x09, 0x00, 0x03, 0xc2, 0x00, 0x60, 0xa0, 0x80, 0x07, 0x00, 0x80, 0x34, 0x0d, 0x00, 0x23, 0xc0, 0x06, 0x00, 0x80, 0x10,
        0xc8, 0x23, 0x00, 0xc2, 0x09, 0x00, 0x03, 0xc2, 0x0a, 0x40, 0x20, 0x82, 0x09, 0x00, 0x23, 0xc2, 0xc8, 0x23, 0x00, 0xc2, 0x12, 0x60,
        0x30, 0x83, 0x01, 0x60, 0x88, 0x80, 0x0a, 0x00, 0x80, 0x02, 0x01, 0xe0, 0x02, 0x96, 0xaf, 0x22, 0x0c, 0xda, 0x09, 0x00, 0x03, 0xc2,
        0x0d, 0x40, 0x58, 0x82, 0x1f, 0x60, 0x38, 0x9b, 0x19, 0x60, 0x33, 0x9b, 0x0d, 0x40, 0x00, 0x82, 0x07, 0x60, 0x38, 0x83, 0x09, 0x00,
        0x23, 0xc2, 0x7f, 0x21, 0x08, 0xc2, 0x01, 0xc0, 0xa2, 0x80, 0xe2, 0xff, 0xbf, 0x04, 0x40, 0x20, 0x03, 0x98, 0x01, 0x20, 0x04, 0xa0,
    },
    {
        0x68, 0x01, 0x02, 0x03, 0x7e, 0x21, 0x08, 0xc2, 0x01, 0x00, 0xa4, 0x80, 0xa8, 0xff, 0xbf, 0x04, 0x01, 0x20, 0x10, 0x96, 0x08, 0xe0,
        0xc7, 0x81, 0x00, 0x00, 0xe8, 0x81, 0x98, 0xbf, 0xe3, 0x9d, 0xc6, 0x23, 0x50, 0xc2, 0x00, 0x60, 0xa0, 0x80, 0x49, 0x00, 0x80, 0x02,
        0x01, 0x20, 0x10, 0xb0, 0x7e, 0x21, 0x08, 0xc2, 0x01, 0x00, 0xa6, 0x80, 0x45, 0x00, 0x80, 0x14, 0x18, 0x00, 0x00, 0x1b, 0xe0, 0x60,
        0x13, 0x82, 0x04, 0x60, 0x00, 0x9e, 0x7f, 0x21, 0x08, 0xc2, 0x00, 0x60, 0xa0, 0x80, 0x00, 0x20, 0x10, 0xba, 0x39, 0x00, 0x80, 0x02,
        0x00, 0x20, 0x10, 0xb4, 0x01, 0x00, 0x10, 0xb8, 0xc4, 0x23, 0x50, 0xf2, 0x40, 0xe0, 0x03, 0x82, 0x00, 0x40, 0x00, 0xf6, 0x19, 0xc0,
        0xa6, 0x80, 0x04, 0x00, 0x80, 0x06, 0x40, 0x60, 0x00, 0x82, 0x1b, 0x40, 0x07, 0xba, 0x01, 0xa0, 0x06, 0xb4, 0xff, 0x3f, 0x87, 0xb8,
    },
    {
        0x69, 0x01, 0x02, 0x03, 0xfa, 0xff, 0xbf, 0x32, 0x00, 0x40, 0x00, 0xf6, 0x00, 0xa0, 0xa6, 0x80, 0x2b, 0x00, 0x80, 0x22, 0x01, 0x20,
        0x06, 0xb0, 0xc4, 0x23, 0x10, 0xc2, 0x01, 0x60, 0x88, 0x80, 0xc6, 0x23, 0x10, 0xc2, 0x0a, 0x00, 0x80, 0x02, 0x7f, 0x21, 0x08, 0xf8,
        0x10, 0x60, 0x28, 0x83, 0x10, 0x60, 0x38, 0x83, 0x01, 0x40, 0x5f, 0x82, 0x1f, 0x60, 0x38, 0xbb, 0x16, 0x60, 0x37, 0xbb, 0x1d, 0x40,
        0x00, 0x82, 0x0f, 0x00, 0x80, 0x10, 0x0a, 0x60, 0x38, 0xbb, 0x10, 0x60, 0x28, 0x83, 0x10, 0x60, 0x38, 0x83, 0x1f, 0x60, 0x3f, 0x99,
        0x00, 0x20, 0x83, 0x81, 0x00, 0x00, 0x00, 0x01, 0x00, 0x00, 0x00, 0x01, 0x00, 0x00, 0x00, 0x01, 0x1a, 0x40, 0x7f, 0xba, 0x01, 0x40,
        0x5f, 0xba, 0x1f, 0x60, 0x3f, 0x83, 0x16, 0x60, 0x30, 0x83, 0x01, 0x40, 0x07, 0xba, 0x0a, 0x60, 0x3f, 0xbb, 0x00, 0x20, 0xa7, 0x80,
    },
    {
        0x6a, 0x01, 0x02, 0x03, 0x0d, 0x00, 0x80, 0x02, 0x01, 0x20, 0x10, 0xb8, 0x02, 0x20, 0x2e, 0x83, 0x40, 0x60, 0x00, 0xb6, 0xe0, 0x60,
        0x13, 0xb4, 0x1a, 0xc0, 0x06, 0xc2, 0x1d, 0x40, 0x20, 0x82, 0x1a, 0xc0, 0x26, 0xc2, 0x01, 0x20, 0x07, 0xb8, 0x7f, 0x21, 0x08, 0xc2,
        0x01, 0x00, 0xa7, 0x80, 0xfa, 0xff, 0xbf, 0x04, 0x40, 0xe0, 0x06, 0xb6, 0x01, 0x20, 0x06, 0xb0, 0x7e, 0x21, 0x08, 0xc2, 0x01, 0x00,
        0xa6, 0x80, 0xc1, 0xff, 0xbf, 0x04, 0x04, 0xe0, 0x03, 0x9e, 0x08, 0xe0, 0xc7, 0x81, 0x00, 0x00, 0xe8, 0x81, 0x73, 0x25, 0x08, 0xc2,
        0x6c, 0x25, 0x00, 0xda, 0x01, 0x60, 0x00, 0x82, 0x7f, 0x25, 0x08, 0xd8, 0x01, 0x40, 0x5b, 0x9a, 0x01, 0x20, 0x03, 0x98, 0x00, 0x00,
        0x80, 0x81, 0x00, 0x00, 0x00, 0x01, 0x00, 0x00, 0x00, 0x01, 0x00, 0x00, 0x00, 0x01, 0x0c, 0x40, 0x73, 0x9a, 0x6c, 0x25, 0x20, 0xda,
    },
    {
        0x6b, 0x01, 0x02, 0x03, 0x00, 0x20, 0x10, 0x96, 0x02, 0xe0, 0x2a, 0x83, 0x6c, 0x25, 0x00, 0xd8, 0xb6, 0x63, 0x10, 0xda, 0x0c, 0x40,
        0x5b, 0x9a, 0x07, 0x60, 0x33, 0x9b, 0x01, 0xe0, 0x02, 0x96, 0x03, 0xe0, 0xa2, 0x80, 0xf9, 0xff, 0xbf, 0x04, 0x20, 0x65, 0x20, 0xda,
        0xc0, 0x23, 0x00, 0xc2, 0x00, 0x60, 0xa0, 0x80, 0x07, 0x00, 0x80, 0x02, 0x00, 0x30, 0x10, 0x82, 0x00, 0x22, 0x00, 0xc2, 0x00, 0x60,
        0xa0, 0x80, 0x05, 0x00, 0x80, 0x22, 0x5c, 0x25, 0x00, 0xc2, 0x00, 0x30, 0x10, 0x82, 0x2c, 0x25, 0x20, 0xc2, 0x5c, 0x25, 0x00, 0xc2,
        0x00, 0x60, 0xa0, 0x80, 0x05, 0x00, 0x80, 0x02, 0x88, 0x22, 0x00, 0xc2, 0x01, 0x60, 0x30, 0x9b, 0x02, 0x60, 0x30, 0x83, 0x0d, 0x40,
        0x00, 0x82, 0x1c, 0x25, 0x20, 0xc2, 0x07, 0x00, 0x00, 0x03, 0x98, 0x62, 0xc0, 0x81, 0x00, 0x00, 0x00, 0x01, 0x00, 0x00, 0x00, 0x01,
    },
    {
        0x6c, 0x01, 0x02, 0x03, 0x98, 0xbf, 0xe3, 0x9d, 0x48, 0x25, 0x00, 0xc2, 0x00, 0x61, 0x88, 0x80, 0x00, 0x20, 0x10, 0xaa, 0xcb, 0x00,
        0x80, 0x12, 0x00, 0x20, 0x10, 0xa6, 0xe4, 0x26, 0x00, 0xc2, 0x00, 0x60, 0xa0, 0x80, 0x04, 0x00, 0x80, 0x02, 0x01, 0x20, 0x10, 0xa2,
        0xff, 0x7f, 0x00, 0x82, 0xe4, 0x26, 0x20, 0xc2, 0x00, 0x23, 0x00, 0xc2, 0x01, 0x40, 0xa4, 0x80, 0xa5, 0x00, 0x80, 0x38, 0x30, 0x25,
        0x00, 0xda, 0x01, 0x20, 0x10, 0xa4, 0x08, 0x23, 0x00, 0xc2, 0x01, 0x80, 0xa4, 0x80, 0x8f, 0x00, 0x80, 0x18, 0x50, 0x00, 0x00, 0x03,
        0x01, 0x40, 0x04, 0xa8, 0x14, 0x25, 0x00, 0xc2, 0x09, 0x60, 0xa0, 0x80, 0x9a, 0x00, 0x80, 0x18, 0x04, 0x60, 0x2c, 0x9b, 0x12, 0x40,
        0x03, 0x9a, 0x18, 0x00, 0x00, 0x03, 0xe0, 0x60, 0x10, 0x82, 0x02, 0x60, 0x2b, 0x9b, 0x01, 0x40, 0x03, 0xda, 0x74, 0x24, 0x00, 0xc2,
    },
    {
        0x6d, 0x01, 0x02, 0x03, 0x01, 0x40, 0xa3, 0x80, 0x7b, 0x00, 0x80, 0x06, 0x40, 0x00, 0x00, 0x03, 0x12, 0x00, 0x10, 0x90, 0xc2, 0xf9,
        0xff, 0x7f, 0x11, 0x00, 0x10, 0x92, 0x00, 0x20, 0xa2, 0x80, 0x75, 0x00, 0x80, 0x02, 0x40, 0x00, 0x00, 0x03, 0xf0, 0x2f, 0x00, 0xc2,
        0x00, 0x60, 0xa0, 0x80, 0x0a, 0x00, 0x80, 0x22, 0xe0, 0x2f, 0x00, 0xc2, 0x12, 0x00, 0x10, 0x90, 0x00, 0x40, 0xc0, 0x9f, 0x11, 0x00,
        0x10, 0x92, 0x9c, 0x25, 0x00, 0xc2, 0x00, 0x60, 0xa0, 0x80, 0x6a, 0x00, 0x80, 0x12, 0x40, 0x00, 0x00, 0x03, 0xe0, 0x2f, 0x00, 0xc2,
        0x00, 0x60, 0xa0, 0x80, 0x0b, 0x00, 0x80, 0x22, 0xf4, 0x2f, 0x00, 0xc2, 0x12, 0x00, 0x10, 0x90, 0x11, 0x00, 0x10, 0x92, 0x00, 0x40,
        0xc0, 0x9f, 0x73, 0x24, 0x08, 0xd4, 0x9c, 0x25, 0x00, 0xc2, 0x00, 0x60, 0xa0, 0x80, 0x5e, 0x00, 0x80, 0x12, 0x40, 0x00, 0x00, 0x03,
    },
    {
        0x6e, 0x01, 0x02, 0x03, 0xf4, 0x2f, 0x00, 0xc2, 0x00, 0x60, 0xa0, 0x80, 0x06, 0x00, 0x80, 0x02, 0x00, 0x20, 0x10, 0xa0, 0x12, 0x00,
        0x10, 0x90, 0x00, 0x40, 0xc0, 0x9f, 0x11, 0x00, 0x10, 0x92, 0x9c, 0x25, 0x00, 0xe0, 0x12, 0x00, 0x10, 0x90, 0x11, 0x00, 0x10, 0x92,
        0x10, 0x00, 0x10, 0x94, 0xe6, 0xf9, 0xff, 0x7f, 0x73, 0x24, 0x08, 0xd6, 0x00, 0x20, 0xa2, 0x80, 0x4e, 0x00, 0x80, 0x02, 0x40, 0x00,
        0x00, 0x03, 0xe0, 0x2f, 0x00, 0xc2, 0x00, 0x60, 0xa0, 0x80, 0x07, 0x00, 0x80, 0x02, 0x12, 0x00, 0x10, 0x90, 0x11, 0x00, 0x10, 0x92,
        0x00, 0x40, 0xc0, 0x9f, 0x00, 0x21, 0x10, 0x94, 0x04, 0x00, 0x80, 0x10, 0x10, 0x00, 0x10, 0x94, 0x9c, 0x25, 0x20, 0xc0, 0x10, 0x00,
        0x10, 0x94, 0x12, 0x00, 0x10, 0x90, 0x11, 0x00, 0x10, 0x92, 0xd4, 0xf9, 0xff, 0x7f, 0x00, 0x21, 0x10, 0x96, 0x00, 0x20, 0xa2, 0x80,
    },
    {
        0x6f, 0x01, 0x02, 0x03, 0x11, 0x00, 0x80, 0x22, 0x14, 0x25, 0x00, 0xc2, 0x9c, 0x25, 0x00, 0xc2, 0x00, 0x60, 0xa0, 0x80, 0x0d, 0x00,
        0x80, 0x32, 0x14, 0x25, 0x00, 0xc2, 0x80, 0x22, 0x00, 0xc2, 0x14, 0x25, 0x00, 0xd8, 0xe4, 0x26, 0x20, 0xc2, 0x10, 0xa0, 0x2c, 0x9b,
        0x02, 0x20, 0x2b, 0x83, 0x11, 0x40, 0x03, 0x9a, 0x10, 0x67, 0x20, 0xda, 0x01, 0x20, 0x03, 0x98, 0x14, 0x25, 0x20, 0xd8, 0x06, 0x00,
        0x80, 0x10, 0x01, 0x60, 0x05, 0xaa, 0x02, 0x60, 0x28, 0x9b, 0x10, 0x67, 0x23, 0xe8, 0x01, 0x60, 0x00, 0x82, 0x14, 0x25, 0x20, 0xc2,
        0x14, 0x25, 0x00, 0xc2, 0x0a, 0x60, 0xa0, 0x80, 0x25, 0x00, 0x80, 0x12, 0x40, 0x00, 0x00, 0x03, 0x18, 0x00, 0x00, 0x03, 0xe0, 0x60,
        0x10, 0x9e, 0x10, 0x27, 0x00, 0xe6, 0x01, 0x20, 0x10, 0x90, 0x02, 0x20, 0x2a, 0x93, 0x10, 0x67, 0x02, 0xd4, 0xff, 0xaf, 0x0a, 0x82,
    },
    {
        0x70, 0x01, 0x02, 0x03, 0x10, 0xa0, 0x32, 0x99, 0xff, 0x2f, 0x0b, 0x98, 0xff, 0xef, 0x0c, 0x9a, 0x10, 0xe0, 0x34, 0x97, 0x04, 0x60,
        0x28, 0x83, 0x0c, 0x40, 0x00, 0x82, 0xff, 0xef, 0x0a, 0x96, 0x04, 0x60, 0x2b, 0x9b, 0x02, 0x60, 0x28, 0x83, 0x0b, 0x40, 0x03, 0x9a,
        0x0f, 0x40, 0x00, 0xd8, 0x02, 0x60, 0x2b, 0x9b, 0x0f, 0x40, 0x03, 0xc2, 0x01, 0x00, 0xa3, 0x80, 0x04, 0x00, 0x80, 0x36, 0x0c, 0x67,
        0x22, 0xd4, 0x0c, 0x67, 0x22, 0xe6, 0x0a, 0x00, 0x10, 0xa6, 0x01, 0x20, 0x02, 0x90, 0x14, 0x25, 0x00, 0xc2, 0x01, 0x00, 0xa2, 0x80,
        0xe9, 0xff, 0xbf, 0x2a, 0x02, 0x20, 0x2a, 0x93, 0xff, 0x7f, 0x00, 0x82, 0x14, 0x25, 0x20, 0xc2, 0x02, 0x60, 0x28, 0x83, 0x10, 0x67,
        0x20, 0xc0, 0x40, 0x00, 0x00, 0x03, 0x01, 0x00, 0x05, 0xa8, 0x01, 0xa0, 0x04, 0xa4, 0x08, 0x23, 0x00, 0xc2, 0x01, 0x80, 0xa4, 0x80,
    },
    {
        0x71, 0x01, 0x02, 0x03, 0x77, 0xff, 0xbf, 0x28, 0x14, 0x25, 0x00, 0xc2, 0x01, 0x60, 0x04, 0xa2, 0x00, 0x23, 0x00, 0xc2, 0x01, 0x40,
        0xa4, 0x80, 0x6c, 0xff, 0xbf, 0x28, 0x01, 0x20, 0x10, 0xa4, 0x00, 0xe0, 0xa4, 0x80, 0x0b, 0x00, 0x80, 0x22, 0x30, 0x25, 0x00, 0xda,
        0x14, 0x25, 0x00, 0xda, 0x09, 0x60, 0xa3, 0x80, 0x07, 0x00, 0x80, 0x38, 0x30, 0x25, 0x00, 0xda, 0x02, 0x60, 0x2b, 0x83, 0x10, 0x67,
        0x20, 0xe6, 0x01, 0x60, 0x03, 0x82, 0x14, 0x25, 0x20, 0xc2, 0x30, 0x25, 0x00, 0xda, 0x0d, 0x40, 0xa5, 0x80, 0x06, 0x00, 0x80, 0x14,
        0x15, 0x00, 0x10, 0x82, 0x14, 0x25, 0x00, 0xc2, 0x01, 0x40, 0xa3, 0x80, 0x02, 0x00, 0x80, 0x28, 0x0d, 0x00, 0x10, 0x82, 0x00, 0x60,
        0xa5, 0x80, 0x04, 0x00, 0x80, 0x02, 0x30, 0x25, 0x20, 0xc2, 0x0a, 0x00, 0x80, 0x10, 0xf8, 0x21, 0x00, 0xc2, 0x00, 0x60, 0xa0, 0x80,
    },
    {
        0x72, 0x01, 0x02, 0x03, 0x09, 0x00, 0x80, 0x22, 0x30, 0x25, 0x00, 0xc2, 0xf8, 0x26, 0x00, 0xc2, 0x00, 0x60, 0xa0, 0x80, 0x04, 0x00,
        0x80, 0x22, 0x30, 0x25, 0x20, 0xc0, 0x01, 0x60, 0x00, 0x82, 0xf8, 0x26, 0x20, 0xc2, 0x30, 0x25, 0x00, 0xc2, 0x00, 0x60, 0xa0, 0x80,
        0x05, 0x00, 0x80, 0x02, 0x00, 0x00, 0x00, 0x01, 0x48, 0x25, 0x00, 0xc2, 0x40, 0x60, 0x10, 0x82, 0x48, 0x25, 0x20, 0xc2, 0x08, 0xe0,
        0xc7, 0x81, 0x00, 0x00, 0xe8, 0x81, 0x09, 0x00, 0x22, 0x82, 0x0a, 0x40, 0x58, 0x9a, 0x1f, 0x60, 0x3b, 0x83, 0x09, 0x00, 0xa2, 0x80,
        0x19, 0x60, 0x30, 0x83, 0x04, 0x00, 0x80, 0x04, 0x00, 0x20, 0x10, 0x90, 0x01, 0x40, 0x03, 0x82, 0x07, 0x60, 0x38, 0x91, 0x08, 0xe0,
        0xc3, 0x81, 0x00, 0x00, 0x00, 0x01, 0x98, 0xbf, 0xe3, 0x9d, 0xda, 0xf9, 0xff, 0x7f, 0x01, 0x20, 0x10, 0xa6, 0x7f, 0x21, 0x08, 0xc2,
    },
    {
        0x73, 0x01, 0x02, 0x03, 0xff, 0x7f, 0xa0, 0x80, 0x1d, 0x00, 0x80, 0x22, 0x01, 0x20, 0x10, 0xa6, 0x18, 0x00, 0x00, 0x23, 0x06, 0xe0,
        0x2c, 0xa1, 0xe8, 0x60, 0x14, 0x82, 0xe4, 0x60, 0x14, 0xa4, 0x01, 0x00, 0x04, 0xd2, 0x8c, 0x22, 0x08, 0xd4, 0xe8, 0xff, 0xff, 0x7f,
        0x12, 0x00, 0x04, 0xd0, 0xe0, 0x60, 0x14, 0x9a, 0x0d, 0x00, 0x24, 0xd0, 0x08, 0x23, 0x00, 0xc2, 0x04, 0xe0, 0x2c, 0xa1, 0x01, 0x00,
        0x04, 0xa0, 0x02, 0x20, 0x2c, 0xa1, 0xdc, 0x60, 0x14, 0xa2, 0x0d, 0x00, 0x04, 0xd0, 0x11, 0x00, 0x04, 0xd2, 0xdd, 0xff, 0xff, 0x7f,
        0x8d, 0x22, 0x08, 0xd4, 0x12, 0x00, 0x24, 0xd0, 0x7f, 0x21, 0x08, 0xc2, 0x01, 0xe0, 0x04, 0xa6, 0x01, 0x60, 0x00, 0x82, 0x01, 0xc0,
        0xa4, 0x80, 0xe9, 0xff, 0xbf, 0x08, 0x18, 0x00, 0x00, 0x23, 0x01, 0x20, 0x10, 0xa6, 0x08, 0x23, 0x00, 0xc2, 0x01, 0xc0, 0xa4, 0x80,
    },
    {
        0x74, 0x01, 0x02, 0x03, 0x1a, 0x00, 0x80, 0x18, 0x18, 0x00, 0x00, 0x23, 0x02, 0xe0, 0x2c, 0xa1, 0x60, 0x61, 0x14, 0x82, 0x20, 0x61,
        0x14, 0xa4, 0x01, 0x00, 0x04, 0xd2, 0x8e, 0x22, 0x08, 0xd4, 0xca, 0xff, 0xff, 0x7f, 0x12, 0x00, 0x04, 0xd0, 0xe0, 0x60, 0x14, 0x82,
        0x01, 0x00, 0x24, 0xd0, 0x00, 0x23, 0x00, 0xe0, 0x04, 0x20, 0x2c, 0xa1, 0x13, 0x00, 0x04, 0xa0, 0x02, 0x20, 0x2c, 0xa1, 0xa0, 0x60,
        0x14, 0xa2, 0x01, 0x00, 0x04, 0xd0, 0x11, 0x00, 0x04, 0xd2, 0xbf, 0xff, 0xff, 0x7f, 0x8f, 0x22, 0x08, 0xd4, 0x12, 0x00, 0x24, 0xd0,
        0x01, 0xe0, 0x04, 0xa6, 0x08, 0x23, 0x00, 0xc2, 0x01, 0xc0, 0xa4, 0x80, 0xea, 0xff, 0xbf, 0x08, 0x18, 0x00, 0x00, 0x23, 0x08, 0xe0,
        0xc7, 0x81, 0x00, 0x00, 0xe8, 0x81, 0x88, 0xbf, 0xe3, 0x9d, 0xe4, 0x2f, 0x00, 0xc2, 0x00, 0x40, 0xc0, 0x9f, 0x90, 0x25, 0x00, 0xd0,
    },
    {
        0x75, 0x01, 0x02, 0x03, 0x50, 0x25, 0x00, 0xda, 0x04, 0x60, 0x2b, 0x83, 0x0d, 0x40, 0x20, 0x82, 0x9c, 0x25, 0x00, 0xe0, 0x01, 0x00,
        0x04, 0x82, 0x04, 0x60, 0x30, 0x83, 0x50, 0x25, 0x20, 0xc2, 0x16, 0x00, 0x00, 0x11, 0xe4, 0x2f, 0x00, 0xc2, 0x00, 0x40, 0xc0, 0x9f,
        0x30, 0x23, 0x12, 0x90, 0x7c, 0x21, 0x08, 0xc2, 0x7d, 0x21, 0x08, 0xda, 0x01, 0x40, 0x5b, 0x9a, 0x9c, 0x25, 0x00, 0xc2, 0x0d, 0x40,
        0x00, 0x82, 0x9c, 0x25, 0x20, 0xc2, 0x9c, 0x25, 0x00, 0xda, 0x50, 0x25, 0x00, 0xc2, 0x01, 0x40, 0xa3, 0x80, 0x11, 0x00, 0x80, 0x28,
        0x48, 0x25, 0x00, 0xc2, 0x9c, 0x25, 0x00, 0xc2, 0x10, 0x40, 0xa0, 0x80, 0x0d, 0x00, 0x80, 0x08, 0x48, 0x25, 0x00, 0xc2, 0x00, 0x20,
        0xa4, 0x80, 0x0a, 0x00, 0x80, 0x02, 0x00, 0x00, 0x00, 0x01, 0x7f, 0x7f, 0x08, 0x82, 0x48, 0x25, 0x20, 0xc2, 0x58, 0x26, 0x00, 0xc2,
    },
    {
        0x76, 0x01, 0x02, 0x03, 0x00, 0x60, 0xa0, 0x80, 0x06, 0x00, 0x80, 0x26, 0x58, 0x26, 0x20, 0xc0, 0x05, 0x00, 0x80, 0x10, 0x4e, 0x25,
        0x08, 0xc2, 0x80, 0x60, 0x10, 0x82, 0x48, 0x25, 0x20, 0xc2, 0x4e, 0x25, 0x08, 0xc2, 0x01, 0x00, 0xa0, 0x80, 0x00, 0x20, 0x60, 0x82,
        0xfe, 0x7f, 0x08, 0xa0, 0x48, 0x25, 0x00, 0xd8, 0x10, 0x20, 0x33, 0x83, 0x01, 0x60, 0x88, 0x80, 0x12, 0x00, 0x80, 0x02, 0x03, 0x20,
        0x04, 0xa0, 0x80, 0x01, 0x00, 0x03, 0x01, 0x00, 0x0b, 0x82, 0x80, 0x00, 0x00, 0x1b, 0x0d, 0x40, 0xa0, 0x80, 0x64, 0x00, 0x80, 0x22,
        0xd4, 0x26, 0x20, 0xc0, 0x60, 0x21, 0x00, 0xc2, 0x40, 0x60, 0x88, 0x80, 0x2f, 0x00, 0x80, 0x02, 0x00, 0x20, 0x10, 0xa0, 0x58, 0x25,
        0x00, 0xc2, 0x00, 0x60, 0xa0, 0x80, 0x2b, 0x00, 0x80, 0x02, 0x02, 0x20, 0x10, 0xa0, 0x29, 0x00, 0x80, 0x10, 0x00, 0x20, 0x10, 0xa0,
    },
    {
        0x77, 0x01, 0x02, 0x03, 0x00, 0xc2, 0x3f, 0x03, 0x30, 0x60, 0x10, 0x82, 0x00, 0x40, 0x00, 0xda, 0x70, 0x25, 0x00, 0xc2, 0x01, 0x40,
        0xa3, 0x80, 0x53, 0x00, 0x80, 0x32, 0xd4, 0x26, 0x20, 0xc0, 0x00, 0x22, 0x00, 0xc2, 0x00, 0x60, 0xa0, 0x80, 0x4f, 0x00, 0x80, 0x32,
        0xd4, 0x26, 0x20, 0xc0, 0x90, 0x26, 0x00, 0xda, 0x07, 0x00, 0x00, 0x03, 0x01, 0x40, 0x8b, 0x80, 0x4a, 0x00, 0x80, 0x32, 0xd4, 0x26,
        0x20, 0xc0, 0x01, 0x20, 0x8b, 0x80, 0x47, 0x00, 0x80, 0x32, 0xd4, 0x26, 0x20, 0xc0, 0x54, 0x26, 0x00, 0xda, 0xdc, 0x21, 0x00, 0xc2,
        0x01, 0x40, 0xa3, 0x80, 0x08, 0x00, 0x80, 0x2a, 0x14, 0x25, 0x00, 0xc2, 0x4c, 0x25, 0x00, 0xc2, 0x0e, 0x60, 0x30, 0x83, 0x01, 0x60,
        0x88, 0x80, 0x0a, 0x00, 0x80, 0x12, 0x40, 0x20, 0x8b, 0x80, 0x14, 0x25, 0x00, 0xc2, 0x00, 0x60, 0xa0, 0x80, 0x09, 0x00, 0x80, 0x22,
    },
    {
        0x78, 0x01, 0x02, 0x03, 0x14, 0x23, 0x0c, 0xc2, 0x80, 0x20, 0x8b, 0x80, 0x06, 0x00, 0x80, 0x22, 0x14, 0x23, 0x0c, 0xc2, 0x40, 0x20,
        0x8b, 0x80, 0x33, 0x00, 0x80, 0x32, 0xd4, 0x26, 0x20, 0xc0, 0x14, 0x23, 0x0c, 0xc2, 0x00, 0x60, 0xa0, 0x80, 0x2f, 0x00, 0x80, 0x22,
        0xd4, 0x26, 0x20, 0xc0, 0xd4, 0x26, 0x00, 0xc2, 0x01, 0x60, 0x00, 0x98, 0x00, 0x27, 0x00, 0xc2, 0x69, 0x21, 0x08, 0xda, 0xd4, 0x26,
        0x20, 0xd8, 0x0d, 0x40, 0xa0, 0x80, 0x0a, 0x00, 0x80, 0x04, 0x14, 0x23, 0x0c, 0xc2, 0xff, 0x60, 0x08, 0x82, 0x68, 0x21, 0x08, 0xda,
        0x0d, 0x40, 0x58, 0x82, 0x01, 0x00, 0xa3, 0x80, 0x21, 0x00, 0x80, 0x06, 0x00, 0x00, 0x00, 0x01, 0x07, 0x00, 0x80, 0x10, 0xd4, 0x26,
        0x20, 0xc0, 0xff, 0x60, 0x08, 0x82, 0x01, 0x00, 0xa3, 0x80, 0x1b, 0x00, 0x80, 0x06, 0x00, 0x00, 0x00, 0x01, 0xd4, 0x26, 0x20, 0xc0,
    },
    {
        0x79, 0x01, 0x02, 0x03, 0x4c, 0x23, 0x0c, 0xc2, 0xec, 0xbf, 0x27, 0xc2, 0x0c, 0x23, 0x0c, 0xc2, 0xf0, 0xbf, 0x27, 0xc2, 0x00, 0x20,
        0x10, 0xa0, 0x7c, 0x21, 0x08, 0xc2, 0x01, 0x00, 0xa4, 0x80, 0x11, 0x00, 0x80, 0x1a, 0x00, 0x00, 0x00, 0x01, 0x80, 0x23, 0x0c, 0xc2,
        0xe8, 0xbf, 0x27, 0xc2, 0x00, 0x20, 0x10, 0xa2, 0x7d, 0x21, 0x08, 0xc2, 0x01, 0x40, 0xa4, 0x80, 0x06, 0x00, 0x80, 0x3a, 0x01, 0x20,
        0x04, 0xa0, 0x1b, 0xf9, 0xff, 0x7f, 0xe8, 0xbf, 0x07, 0x90, 0xfa, 0xff, 0xbf, 0x10, 0x01, 0x60, 0x04, 0xa2, 0x7c, 0x21, 0x08, 0xc2,
        0x01, 0x00, 0xa4, 0x80, 0xf4, 0xff, 0xbf, 0x2a, 0x80, 0x23, 0x0c, 0xc2, 0x08, 0xe0, 0xc7, 0x81, 0x00, 0x00, 0xe8, 0x81, 0x08, 0x22,
        0x00, 0xd2, 0x00, 0x60, 0xa2, 0x80, 0x1a, 0x00, 0x80, 0x02, 0x00, 0x00, 0x00, 0x01, 0x48, 0x25, 0x10, 0xc2, 0x01, 0x60, 0x88, 0x80,
    },
    {
        0x7a, 0x01, 0x02, 0x03, 0x16, 0x00, 0x80, 0x12, 0x00, 0x00, 0x00, 0x01, 0x14, 0x25, 0x00, 0xc2, 0x00, 0x60, 0xa0, 0x80, 0x07, 0x00,
        0x80, 0x12, 0x58, 0x25, 0x00, 0xc2, 0x00, 0x60, 0xa0, 0x80, 0x0f, 0x00, 0x80, 0x02, 0xff, 0x7f, 0x00, 0x9a, 0x0d, 0x00, 0x80, 0x10,
        0x58, 0x25, 0x20, 0xda, 0x40, 0x00, 0x20, 0x15, 0x00, 0xc2, 0x3f, 0x1b, 0x01, 0xa0, 0x12, 0x98, 0x00, 0x60, 0xa0, 0x80, 0x06, 0x00,
        0x80, 0x12, 0x70, 0x60, 0x13, 0x96, 0x00, 0x40, 0x23, 0xd8, 0x98, 0x22, 0x00, 0xc2, 0x00, 0xc0, 0x22, 0xc2, 0x00, 0x40, 0x23, 0xd4,
        0x58, 0x25, 0x20, 0xd2, 0x08, 0xe0, 0xc3, 0x81, 0x00, 0x00, 0x00, 0x01, 0x00, 0x20, 0x10, 0x92, 0x14, 0x25, 0x00, 0xc2, 0x01, 0x40,
        0xa2, 0x80, 0x19, 0x00, 0x80, 0x1a, 0x02, 0x60, 0x2a, 0x91, 0x10, 0x27, 0x02, 0xd4, 0xff, 0xaf, 0x0a, 0x82, 0x10, 0xa0, 0x32, 0x97,
    },
    {
        0x7b, 0x01, 0x02, 0x03, 0x01, 0x60, 0x00, 0x98, 0xff, 0xef, 0x0a, 0x96, 0xff, 0x7f, 0x00, 0x82, 0x18, 0x60, 0x28, 0x83, 0x10, 0x20,
        0x2b, 0x99, 0xff, 0xff, 0x02, 0x9a, 0x0c, 0x40, 0x00, 0x82, 0x08, 0x60, 0x2b, 0x9b, 0x0d, 0x40, 0x00, 0x82, 0x0b, 0x40, 0x00, 0x82,
        0x0c, 0xa0, 0x32, 0x95, 0x01, 0x60, 0x02, 0x92, 0x01, 0xa0, 0x8a, 0x80, 0x03, 0x00, 0x80, 0x12, 0x01, 0x60, 0x00, 0x82, 0x38, 0x27,
        0x22, 0xc2, 0x14, 0x25, 0x00, 0xc2, 0x01, 0x40, 0xa2, 0x80, 0xeb, 0xff, 0xbf, 0x0a, 0x02, 0x60, 0x2a, 0x91, 0x08, 0xe0, 0xc3, 0x81,
        0x00, 0x00, 0x00, 0x01, 0x98, 0xbf, 0xe3, 0x9d, 0x00, 0x20, 0x10, 0x94, 0x14, 0x25, 0x00, 0xc2, 0x01, 0x80, 0xa2, 0x80, 0x5d, 0x00,
        0x80, 0x1a, 0x00, 0x20, 0x10, 0x96, 0x02, 0xa0, 0x2a, 0xbb, 0x38, 0x67, 0x0f, 0xf2, 0x39, 0x67, 0x0f, 0xc2, 0x01, 0x40, 0xa6, 0x80,
    },
    {
        0x7c, 0x01, 0x02, 0x03, 0x00, 0x20, 0x10, 0x98, 0x00, 0x20, 0x10, 0x9e, 0x20, 0x00, 0x80, 0x14, 0x00, 0x20, 0x10, 0x9a, 0x18, 0x00,
        0x00, 0x03, 0xe0, 0x60, 0x10, 0x92, 0x3b, 0x67, 0x0f, 0xc2, 0x3a, 0x67, 0x0f, 0xf6, 0x01, 0xc0, 0xa6, 0x80, 0x13, 0x00, 0x80, 0x14,
        0x04, 0x60, 0x2e, 0x83, 0x1b, 0x40, 0x00, 0x82, 0x02, 0x60, 0x28, 0x83, 0x09, 0x40, 0x00, 0x82, 0x3b, 0xe7, 0x0a, 0xf8, 0x00, 0x40,
        0x00, 0xfa, 0x1b, 0x40, 0x5f, 0xb0, 0x04, 0x60, 0x00, 0x82, 0x01, 0xe0, 0x06, 0xb6, 0x00, 0x60, 0xa7, 0x80, 0x05, 0x00, 0x80, 0x04,
        0x19, 0x40, 0x5f, 0xb4, 0x1a, 0xc0, 0x03, 0x9e, 0x18, 0x40, 0x03, 0x9a, 0x1d, 0x00, 0x03, 0x98, 0x1c, 0xc0, 0xa6, 0x80, 0xf6, 0xff,
        0xbf, 0x24, 0x00, 0x40, 0x00, 0xfa, 0x02, 0xa0, 0x2a, 0xbb, 0x01, 0x60, 0x06, 0xb2, 0x39, 0x67, 0x0f, 0xc2, 0x01, 0x40, 0xa6, 0x80,
    },
    {
        0x7d, 0x01, 0x02, 0x03, 0xe7, 0xff, 0xbf, 0x24, 0x3b, 0x67, 0x0f, 0xc2, 0x06, 0x60, 0x2b, 0xbb, 0x06, 0xe0, 0x2b, 0xb9, 0x10, 0xe7,
        0x02, 0xc2, 0x1f, 0x20, 0x3f, 0x9b, 0x00, 0x60, 0x83, 0x81, 0x00, 0x00, 0x00, 0x01, 0x00, 0x00, 0x00, 0x01, 0x00, 0x00, 0x00, 0x01,
        0x0c, 0x00, 0x7f, 0xb8, 0x1f, 0x60, 0x3f, 0x9b, 0x00, 0x60, 0x83, 0x81, 0x00, 0x00, 0x00, 0x01, 0x00, 0x00, 0x00, 0x01, 0x00, 0x00,
        0x00, 0x01, 0x0c, 0x40, 0x7f, 0xba, 0x0c, 0x60, 0x30, 0x83, 0x01, 0x60, 0x88, 0x80, 0xe0, 0x3f, 0x07, 0x9e, 0x07, 0x00, 0x80, 0x02,
        0xe0, 0x7f, 0x07, 0x9a, 0x7c, 0x23, 0x00, 0xc2, 0x00, 0x60, 0xa0, 0x80, 0x03, 0x00, 0x80, 0x22, 0xa0, 0x3f, 0x07, 0x9e, 0xa0, 0x7f,
        0x07, 0x9a, 0x00, 0xe0, 0xa3, 0x80, 0x02, 0x00, 0x80, 0x24, 0x01, 0x20, 0x10, 0x9e, 0x00, 0x60, 0xa3, 0x80, 0x02, 0x00, 0x80, 0x24,
    },
    {
        0x7e, 0x01, 0x02, 0x03, 0x01, 0x20, 0x10, 0x9a, 0x7f, 0x21, 0x08, 0xc2, 0x06, 0x60, 0x28, 0x83, 0x01, 0xc0, 0xa3, 0x80, 0x02, 0x00,
        0x80, 0x36, 0xff, 0x7f, 0x00, 0x9e, 0x7e, 0x21, 0x08, 0xc2, 0x06, 0x60, 0x28, 0x83, 0x01, 0x40, 0xa3, 0x80, 0x02, 0x00, 0x80, 0x36,
        0xff, 0x7f, 0x00, 0x9a, 0x10, 0xe7, 0x02, 0xfa, 0x10, 0xe0, 0x2b, 0x83, 0x3c, 0x00, 0x3c, 0x39, 0x0d, 0x40, 0x00, 0x82, 0x1c, 0x40,
        0x0f, 0xba, 0x1d, 0x40, 0x00, 0x82, 0x10, 0xe7, 0x22, 0xc2, 0x01, 0xa0, 0x02, 0x94, 0x14, 0x25, 0x00, 0xc2, 0x01, 0x80, 0xa2, 0x80,
        0xa7, 0xff, 0xbf, 0x0a, 0x04, 0xe0, 0x02, 0x96, 0x0a, 0xf7, 0xff, 0x7f, 0x5a, 0x20, 0xe8, 0x91, 0x00, 0x00, 0x00, 0x01, 0x98, 0xbf,
        0xe3, 0x9d, 0x48, 0x25, 0x00, 0xd8, 0x0c, 0x20, 0x33, 0x83, 0x01, 0x60, 0x88, 0x80, 0x81, 0x00, 0x80, 0x12, 0x00, 0x00, 0x00, 0x01,
    },
    {
        0x7f, 0x01, 0x02, 0x03, 0x4d, 0x25, 0x08, 0xc2, 0x00, 0x60, 0xa0, 0x80, 0x7d, 0x00, 0x80, 0x12, 0x00, 0x00, 0x00, 0x01, 0x4e, 0x25,
        0x08, 0xc2, 0x00, 0x60, 0xa0, 0x80, 0x79, 0x00, 0x80, 0x02, 0x00, 0x00, 0x00, 0x01, 0x54, 0x25, 0x00, 0xc2, 0xfa, 0x60, 0x58, 0x82,
        0x00, 0x25, 0x00, 0xda, 0x01, 0x40, 0xa3, 0x80, 0x73, 0x00, 0x80, 0x0a, 0x00, 0x00, 0x00, 0x01, 0x58, 0x26, 0x00, 0xd6, 0x00, 0xe0,
        0xa2, 0x80, 0x1c, 0x00, 0x80, 0x14, 0xff, 0xff, 0x02, 0x82, 0x14, 0x25, 0x00, 0xc2, 0x01, 0x60, 0xa0, 0x80, 0x6b, 0x00, 0x80, 0x32,
        0x58, 0x26, 0x20, 0xc0, 0x10, 0x27, 0x00, 0xc2, 0x00, 0x60, 0xa0, 0x80, 0x04, 0x00, 0x80, 0x12, 0x40, 0x20, 0x8b, 0x80, 0x65, 0x00,
        0x80, 0x10, 0x58, 0x26, 0x20, 0xc0, 0x06, 0x00, 0x80, 0x32, 0x9c, 0x23, 0x00, 0xd8, 0x00, 0xe0, 0xa2, 0x80, 0x0d, 0x00, 0x80, 0x06,
    },
    {
        0x80, 0x01, 0x02, 0x03, 0x01, 0xe0, 0x02, 0x82, 0x9c, 0x23, 0x00, 0xd8, 0x3f, 0x00, 0x00, 0x03, 0x10, 0x20, 0x33, 0x9b, 0xff, 0x63,
        0x10, 0x82, 0x01, 0x00, 0x0b, 0x98, 0x0d, 0x00, 0x38, 0x9a, 0x0c, 0x40, 0x23, 0x9a, 0x0d, 0xc0, 0xa2, 0x80, 0x05, 0x00, 0x80, 0x06,
        0x56, 0x69, 0x29, 0x03, 0xff, 0xff, 0x02, 0x82, 0x53, 0x00, 0x80, 0x10, 0x58, 0x26, 0x20, 0xc2, 0x5a, 0x62, 0x10, 0x9a, 0x0c, 0x25,
        0x00, 0xc2, 0x0d, 0x40, 0xa0, 0x80, 0x04, 0x00, 0x80, 0x02, 0x00, 0x20, 0x10, 0xa0, 0x0c, 0x25, 0x20, 0xda, 0x54, 0x26, 0x20, 0xc0,
        0x02, 0x20, 0x2c, 0x83, 0x10, 0x66, 0x00, 0x92, 0x10, 0x66, 0x00, 0xc2, 0x10, 0x27, 0x10, 0x90, 0x00, 0x60, 0xa0, 0x80, 0x0d, 0x00,
        0x80, 0x02, 0x01, 0x20, 0x04, 0xa0, 0x3a, 0xf7, 0xff, 0x7f, 0x00, 0x00, 0x00, 0x01, 0x00, 0x23, 0x00, 0xc2, 0x08, 0x23, 0x00, 0xda,
    },
    {
        0x81, 0x01, 0x02, 0x03, 0x01, 0x40, 0x58, 0x82, 0x0d, 0x40, 0x5b, 0x9a, 0x0d, 0x40, 0x00, 0x82, 0x06, 0x60, 0x28, 0x83, 0x01, 0x00,
        0xa2, 0x80, 0x3a, 0x00, 0x80, 0x0a, 0x00, 0x00, 0x00, 0x01, 0x0f, 0x20, 0xa4, 0x80, 0xee, 0xff, 0xbf, 0x08, 0x02, 0x20, 0x2c, 0x83,
        0xeb, 0x41, 0x00, 0x03, 0x58, 0x26, 0x20, 0xc2, 0x0f, 0x20, 0x10, 0xa0, 0x02, 0x20, 0x2c, 0x9b, 0x0c, 0x66, 0x03, 0xc2, 0xff, 0x3f,
        0x84, 0xa0, 0xfd, 0xff, 0xbf, 0x12, 0x10, 0x66, 0x23, 0xc2, 0x54, 0x26, 0x00, 0xda, 0x10, 0x27, 0x00, 0xc2, 0x10, 0x26, 0x20, 0xc2,
        0x0f, 0x60, 0xa3, 0x80, 0x03, 0x00, 0x80, 0x14, 0x0f, 0x20, 0x10, 0x90, 0x0d, 0x00, 0x10, 0x90, 0x14, 0x00, 0x00, 0x03, 0xa8, 0x62,
        0x10, 0x9e, 0x00, 0x68, 0x00, 0x82, 0x30, 0x63, 0x10, 0xa2, 0x3f, 0x00, 0x00, 0x03, 0xff, 0x63, 0x10, 0xa6, 0x01, 0x20, 0x02, 0x92,
    },
    {
        0x82, 0x01, 0x02, 0x03, 0x00, 0x20, 0x10, 0xa0, 0x0f, 0x00, 0x10, 0xa4, 0x02, 0x20, 0x2c, 0x97, 0x0b, 0xc0, 0x03, 0x82, 0x02, 0x60,
        0x10, 0xda, 0x0b, 0x40, 0x04, 0x98, 0x02, 0x20, 0x13, 0xd4, 0x0b, 0xc0, 0x13, 0xc2, 0x0b, 0x40, 0x14, 0xd8, 0x08, 0x40, 0x58, 0x82,
        0x08, 0x40, 0x5b, 0x9a, 0x0c, 0x40, 0x00, 0x82, 0x0a, 0x40, 0x03, 0x9a, 0x00, 0x00, 0x80, 0x81, 0x00, 0x00, 0x00, 0x01, 0x00, 0x00,
        0x00, 0x01, 0x00, 0x00, 0x00, 0x01, 0x09, 0x40, 0x70, 0x82, 0x00, 0x00, 0x80, 0x81, 0x00, 0x00, 0x00, 0x01, 0x00, 0x00, 0x00, 0x01,
        0x00, 0x00, 0x00, 0x01, 0x09, 0x40, 0x73, 0x9a, 0x10, 0x60, 0x28, 0x83, 0x13, 0x40, 0x0b, 0x9a, 0x0d, 0x40, 0x00, 0x82, 0x01, 0x20,
        0x04, 0xa0, 0xb5, 0x20, 0xa4, 0x80, 0xe6, 0xff, 0xbf, 0x08, 0x12, 0xc0, 0x22, 0xc2, 0x54, 0x26, 0x20, 0xd2, 0x08, 0xe0, 0xc7, 0x81,
    },
    {
        0x83, 0x01, 0x02, 0x03, 0x00, 0x00, 0xe8, 0x81, 0x98, 0xbf, 0xe3, 0x9d, 0x00, 0x20, 0x10, 0xa2, 0x14, 0x25, 0x00, 0xc2, 0x01, 0x40,
        0xa4, 0x80, 0x00, 0x20, 0x10, 0xa0, 0x12, 0x00, 0x80, 0x1a, 0x02, 0x20, 0x2c, 0x83, 0x10, 0x67, 0x00, 0x92, 0x10, 0x67, 0x00, 0xc2,
        0x00, 0x60, 0xa0, 0x80, 0x09, 0x00, 0x80, 0x02, 0x18, 0x00, 0x10, 0x90, 0xe9, 0xf6, 0xff, 0x7f, 0x00, 0x00, 0x00, 0x01, 0x01, 0x20,
        0x10, 0x82, 0x19, 0x00, 0xa2, 0x80, 0x03, 0x00, 0x80, 0x1a, 0x10, 0x40, 0x28, 0x83, 0x01, 0x40, 0x14, 0xa2, 0x01, 0x20, 0x04, 0xa0,
        0x14, 0x25, 0x00, 0xc2, 0xf0, 0xff, 0xbf, 0x10, 0x01, 0x00, 0xa4, 0x80, 0x08, 0xe0, 0xc7, 0x81, 0x11, 0x00, 0xe8, 0x91, 0x90, 0xbf,
        0xe3, 0x9d, 0xc0, 0x3f, 0x00, 0x03, 0x01, 0x60, 0x10, 0x82, 0xf0, 0xbf, 0x27, 0xc2, 0xf4, 0xbf, 0x27, 0xc0, 0x00, 0x20, 0x10, 0xa0,
    },
    {
        0x84, 0x01, 0x02, 0x03, 0xf8, 0xbf, 0x07, 0x82, 0x01, 0x00, 0x04, 0x82, 0xf9, 0x7f, 0x48, 0xd2, 0xf8, 0x7f, 0x48, 0xd0, 0x08, 0x00,
        0x06, 0x90, 0x09, 0x40, 0x06, 0x92, 0x00, 0x20, 0x10, 0x94, 0x2a, 0xf7, 0xff, 0x7f, 0x1a, 0x00, 0x10, 0x96, 0x00, 0x20, 0xa2, 0x80,
        0x04, 0x00, 0x80, 0x02, 0x01, 0x20, 0x04, 0xa0, 0x06, 0x00, 0x80, 0x10, 0x01, 0x20, 0x10, 0xb0, 0x04, 0x20, 0xa4, 0x80, 0xf2, 0xff,
        0xbf, 0x04, 0xf8, 0xbf, 0x07, 0x82, 0x00, 0x20, 0x10, 0xb0, 0x08, 0xe0, 0xc7, 0x81, 0x00, 0x00, 0xe8, 0x81, 0x98, 0xbf, 0xe3, 0x9d,
        0x48, 0x25, 0x10, 0xc2, 0x01, 0x60, 0x88, 0x80, 0x00, 0x20, 0x10, 0xb8, 0x00, 0x20, 0x10, 0xba, 0x04, 0x00, 0x80, 0x02, 0x00, 0x20,
        0x10, 0xae, 0x29, 0x00, 0x80, 0x10, 0x54, 0x23, 0x00, 0xec, 0x4c, 0x25, 0x00, 0xc2, 0x00, 0x62, 0x88, 0x80, 0x10, 0x00, 0x80, 0x32,
    },
    {
        0x85, 0x01, 0x02, 0x03, 0x90, 0x26, 0x00, 0xc2, 0x56, 0x69, 0x29, 0x03, 0x0c, 0x25, 0x00, 0xda, 0x5a, 0x62, 0x10, 0x82, 0x01, 0x40,
        0xa3, 0x80, 0x06, 0x00, 0x80, 0x12, 0xc8, 0x23, 0x00, 0xc2, 0x00, 0x68, 0x88, 0x80, 0x07, 0x00, 0x80, 0x32, 0x90, 0x26, 0x00, 0xc2,
        0xc8, 0x23, 0x00, 0xc2, 0x00, 0x64, 0x88, 0x80, 0x18, 0x00, 0x80, 0x22, 0xac, 0x22, 0x00, 0xec, 0x90, 0x26, 0x00, 0xc2, 0x00, 0x62,
        0x88, 0x80, 0x0d, 0x00, 0x80, 0x12, 0x01, 0x20, 0x10, 0xb8, 0x14, 0x00, 0x00, 0x13, 0xa8, 0x62, 0x12, 0x92, 0xd0, 0x2f, 0x00, 0xc2,
        0x00, 0x40, 0xc0, 0x9f, 0x90, 0x25, 0x00, 0xd0, 0xbc, 0x2f, 0x00, 0xc2, 0x00, 0x40, 0xc0, 0x9f, 0x00, 0x00, 0x00, 0x01, 0x90, 0x26,
        0x00, 0xc2, 0x00, 0x62, 0x10, 0x82, 0x90, 0x26, 0x20, 0xc2, 0x07, 0x00, 0x80, 0x10, 0xa0, 0x23, 0x00, 0xec, 0x4c, 0x25, 0x00, 0xc2,
    },
    {
        0x86, 0x01, 0x02, 0x03, 0x80, 0x00, 0x00, 0x1b, 0x0d, 0x40, 0x10, 0x82, 0x84, 0x00, 0x80, 0x10, 0x4c, 0x25, 0x20, 0xc2, 0x1d, 0xf6,
        0xff, 0x7f, 0xaa, 0x20, 0x10, 0x90, 0x00, 0x25, 0x00, 0xda, 0xd0, 0x22, 0x00, 0xc2, 0x01, 0x40, 0xa3, 0x80, 0x0f, 0x00, 0x80, 0x38,
        0x01, 0x20, 0x10, 0xba, 0x00, 0x22, 0x00, 0xc2, 0x01, 0x00, 0xa0, 0x80, 0x00, 0x20, 0x40, 0x9a, 0x16, 0x00, 0xa0, 0x80, 0xff, 0x3f,
        0x60, 0x82, 0x01, 0x40, 0x93, 0x80, 0x07, 0x00, 0x80, 0x32, 0x01, 0x20, 0x10, 0xba, 0x48, 0x25, 0x00, 0xc2, 0x01, 0x60, 0x88, 0x80,
        0x04, 0x00, 0x80, 0x02, 0x00, 0x20, 0x10, 0xaa, 0x01, 0x20, 0x10, 0xba, 0x00, 0x20, 0x10, 0xaa, 0x03, 0x60, 0x2d, 0xa5, 0x60, 0xa7,
        0x04, 0xc2, 0x00, 0x60, 0xa0, 0x80, 0x67, 0x00, 0x80, 0x22, 0x01, 0x60, 0x05, 0xaa, 0x00, 0x60, 0xa5, 0x80, 0x08, 0x00, 0x80, 0x12,
    },
    {
        0x87, 0x01, 0x02, 0x03, 0x00, 0x60, 0xa7, 0x80, 0x5c, 0x25, 0x00, 0xc2, 0x00, 0x60, 0xa0, 0x80, 0x0c, 0x00, 0x80, 0x12, 0x00, 0x00,
        0x20, 0x29, 0x0a, 0x00, 0x80, 0x10, 0x00, 0x20, 0x10, 0xa8, 0x05, 0x00, 0x80, 0x02, 0x60, 0xa7, 0x04, 0x90, 0x64, 0xa7, 0x24, 0xc0,
        0x58, 0x00, 0x80, 0x10, 0x60, 0xa7, 0x24, 0xc0, 0x75, 0xff, 0xff, 0x7f, 0x16, 0x00, 0x10, 0x92, 0x08, 0x00, 0x10, 0xa8, 0x00, 0x20,
        0xa5, 0x80, 0x50, 0x00, 0x80, 0x02, 0x14, 0xc0, 0x15, 0xae, 0x66, 0xa7, 0x14, 0xc2, 0x00, 0x60, 0xa0, 0x80, 0x0a, 0x00, 0x80, 0x02,
        0x00, 0x60, 0xa5, 0x80, 0x64, 0xa7, 0x04, 0xc2, 0xff, 0x7f, 0x00, 0x82, 0x64, 0xa7, 0x24, 0xc2, 0x66, 0xa7, 0x14, 0xc2, 0x00, 0x60,
        0xa0, 0x80, 0x48, 0x00, 0x80, 0x32, 0x01, 0x60, 0x05, 0xaa, 0x00, 0x60, 0xa5, 0x80, 0x06, 0x00, 0x80, 0x12, 0x00, 0x40, 0x00, 0x1b,
    },
    {
        0x88, 0x01, 0x02, 0x03, 0x4c, 0x25, 0x00, 0xc2, 0x0d, 0x40, 0x10, 0x82, 0x40, 0x00, 0x80, 0x10, 0x4c, 0x25, 0x20, 0xc2, 0x48, 0x25,
        0x10, 0xc2, 0x01, 0x60, 0x88, 0x80, 0x06, 0x00, 0x80, 0x02, 0xff, 0x3f, 0x10, 0x82, 0x64, 0xa7, 0x24, 0xc0, 0x60, 0xa7, 0x24, 0xc0,
        0x38, 0x00, 0x80, 0x10, 0x00, 0x27, 0x20, 0xc2, 0x00, 0x20, 0xa7, 0x80, 0xb2, 0xff, 0xbf, 0x02, 0x00, 0x20, 0x10, 0xa6, 0x14, 0x25,
        0x00, 0xc2, 0x01, 0xc0, 0xa4, 0x80, 0x2c, 0x00, 0x80, 0x1a, 0x13, 0x00, 0x35, 0x83, 0x01, 0x60, 0x88, 0x80, 0x27, 0x00, 0x80, 0x02,
        0x02, 0xe0, 0x2c, 0x9b, 0x10, 0x67, 0x03, 0xe0, 0x16, 0x20, 0x34, 0xa3, 0xff, 0x2f, 0x0c, 0xa0, 0x06, 0x20, 0x3c, 0xa1, 0x3f, 0x60,
        0x0c, 0xa2, 0x01, 0x20, 0x04, 0xa0, 0x01, 0x60, 0x04, 0xa2, 0x11, 0x00, 0x10, 0x92, 0x6e, 0x24, 0x10, 0xd4, 0x5b, 0xff, 0xff, 0x7f,
    },
    {
        0x89, 0x01, 0x02, 0x03, 0x10, 0x00, 0x10, 0x90, 0x00, 0x20, 0xa2, 0x80, 0x11, 0x00, 0x10, 0x92, 0x0f, 0x00, 0x80, 0x12, 0x10, 0x00,
        0x10, 0x90, 0x6c, 0x24, 0x10, 0xc2, 0x00, 0x60, 0x90, 0x94, 0x0f, 0x00, 0x80, 0x22, 0x4c, 0x25, 0x00, 0xc2, 0x48, 0x25, 0x00, 0xc2,
        0x80, 0x60, 0x88, 0x80, 0x0b, 0x00, 0x80, 0x22, 0x4c, 0x25, 0x00, 0xc2, 0x4d, 0xff, 0xff, 0x7f, 0x00, 0x00, 0x00, 0x01, 0x00, 0x20,
        0xa2, 0x80, 0x06, 0x00, 0x80, 0x22, 0x4c, 0x25, 0x00, 0xc2, 0x01, 0x20, 0x10, 0x82, 0x13, 0x40, 0x28, 0x83, 0x07, 0x00, 0x80, 0x10,
        0x01, 0x00, 0x2d, 0xa8, 0x80, 0x00, 0x00, 0x1b, 0x0d, 0x40, 0x10, 0x82, 0x4c, 0x25, 0x20, 0xc2, 0x04, 0x00, 0x80, 0x10, 0xe8, 0x26,
        0x20, 0xc0, 0xd4, 0xff, 0xbf, 0x10, 0x01, 0xe0, 0x04, 0xa6, 0x00, 0x20, 0xa5, 0x80, 0x05, 0x00, 0x80, 0x32, 0x01, 0x60, 0x05, 0xaa,
    },
    {
        0x8a, 0x01, 0x02, 0x03, 0x64, 0xa7, 0x24, 0xc0, 0x60, 0xa7, 0x24, 0xc0, 0x01, 0x60, 0x05, 0xaa, 0x13, 0x60, 0xa5, 0x80, 0x96, 0xff,
        0xbf, 0x04, 0x03, 0x60, 0x2d, 0xa5, 0x00, 0xe0, 0xa5, 0x80, 0x02, 0x00, 0x80, 0x22, 0xe8, 0x26, 0x20, 0xc0, 0x5c, 0x25, 0x00, 0xc2,
        0x00, 0x60, 0xa0, 0x80, 0x0a, 0x00, 0x80, 0x02, 0x00, 0x60, 0xa7, 0x80, 0x60, 0x27, 0x00, 0xc2, 0x00, 0x60, 0xa0, 0x80, 0x06, 0x00,
        0x80, 0x12, 0x00, 0x60, 0xa7, 0x80, 0x04, 0x00, 0x00, 0x03, 0x60, 0x27, 0x20, 0xc2, 0x48, 0x22, 0x00, 0xc2, 0x64, 0x27, 0x20, 0xc2,
        0x2b, 0x00, 0x80, 0x12, 0x00, 0x20, 0x10, 0xaa, 0x14, 0x25, 0x00, 0xc2, 0x01, 0x40, 0xa5, 0x80, 0x27, 0x00, 0x80, 0x1a, 0x01, 0x20,
        0x10, 0x96, 0x02, 0x60, 0x2d, 0x99, 0x10, 0x27, 0x03, 0xc2, 0x0c, 0x60, 0x30, 0x83, 0x01, 0x60, 0x88, 0x80, 0x1d, 0x00, 0x80, 0x32,
    },
    {
        0x8b, 0x01, 0x02, 0x03, 0x01, 0x60, 0x05, 0xaa, 0x15, 0xc0, 0x2a, 0x83, 0x01, 0xc0, 0x8d, 0x80, 0x19, 0x00, 0x80, 0x32, 0x01, 0x60,
        0x05, 0xaa, 0x01, 0x20, 0x10, 0xa6, 0x03, 0xe0, 0x2c, 0x9b, 0x60, 0x67, 0x03, 0xc2, 0x00, 0x60, 0xa0, 0x80, 0x0f, 0x00, 0x80, 0x12,
        0x01, 0xe0, 0x04, 0xa6, 0x10, 0x27, 0x03, 0xc2, 0x60, 0x67, 0x23, 0xc2, 0x48, 0x25, 0x10, 0xc2, 0x01, 0x60, 0x88, 0x80, 0x04, 0x00,
        0x80, 0x02, 0x00, 0x20, 0xa7, 0x80, 0x05, 0x00, 0x80, 0x10, 0x58, 0x23, 0x00, 0xc2, 0x03, 0x00, 0x80, 0x22, 0x78, 0x23, 0x00, 0xc2,
        0x9c, 0x23, 0x00, 0xc2, 0x05, 0x00, 0x80, 0x10, 0x64, 0x67, 0x23, 0xc2, 0x13, 0xe0, 0xa4, 0x80, 0xee, 0xff, 0xbf, 0x04, 0x03, 0xe0,
        0x2c, 0x9b, 0x01, 0x60, 0x05, 0xaa, 0x14, 0x25, 0x00, 0xc2, 0x01, 0x40, 0xa5, 0x80, 0xde, 0xff, 0xbf, 0x0a, 0x02, 0x60, 0x2d, 0x99,
    },
    {
        0x8c, 0x01, 0x02, 0x03, 0x08, 0xe0, 0xc7, 0x81, 0x00, 0x00, 0xe8, 0x81, 0x98, 0xbf, 0xe3, 0x9d, 0xb4, 0xf6, 0xff, 0x7f, 0x00, 0x00,
        0x00, 0x01, 0x48, 0x25, 0x00, 0xda, 0x10, 0x60, 0x33, 0x83, 0x01, 0x60, 0x88, 0x80, 0x1d, 0x00, 0x80, 0x12, 0x0c, 0x60, 0x33, 0x83,
        0x01, 0x60, 0x88, 0x80, 0x1a, 0x00, 0x80, 0x12, 0x00, 0x00, 0x00, 0x01, 0x4d, 0x25, 0x08, 0xc2, 0x00, 0x60, 0xa0, 0x80, 0x16, 0x00,
        0x80, 0x02, 0x80, 0xc1, 0x3f, 0x03, 0x00, 0x40, 0x20, 0xc0, 0x02, 0x20, 0x10, 0xa0, 0xfa, 0xf6, 0xff, 0x7f, 0x01, 0x20, 0x10, 0x90,
        0x99, 0x00, 0x00, 0x11, 0xcf, 0xf1, 0xff, 0x7f, 0x3c, 0x23, 0x12, 0x90, 0xff, 0x3f, 0x84, 0xa0, 0xfa, 0xff, 0xbf, 0x1c, 0x00, 0x00,
        0x00, 0x01, 0xf2, 0xf6, 0xff, 0x7f, 0x00, 0x20, 0x10, 0x90, 0x4c, 0x25, 0x10, 0xc2, 0x01, 0x60, 0x88, 0x80, 0x02, 0x00, 0x80, 0x32,
    },
    {
        0x8d, 0x01, 0x02, 0x03, 0x0c, 0x25, 0x20, 0xc0, 0x1e, 0xf4, 0xff, 0x7f, 0x15, 0x20, 0x10, 0x90, 0x01, 0x20, 0x10, 0x82, 0x84, 0x25,
        0x20, 0xc2, 0x08, 0xe0, 0xc7, 0x81, 0x00, 0x00, 0xe8, 0x81, 0x88, 0x25, 0x00, 0xc2, 0x00, 0x60, 0xa0, 0x80, 0x06, 0x00, 0x80, 0x32,
        0x8c, 0x25, 0x00, 0xc2, 0x54, 0x25, 0x00, 0xc2, 0x88, 0x25, 0x20, 0xc2, 0x94, 0x25, 0x20, 0xc0, 0x8c, 0x25, 0x00, 0xc2, 0x00, 0x60,
        0xa0, 0x80, 0x06, 0x00, 0x80, 0x32, 0x48, 0x25, 0x10, 0xc2, 0x54, 0x25, 0x00, 0xc2, 0x8c, 0x25, 0x20, 0xc2, 0x98, 0x25, 0x20, 0xc0,
        0x48, 0x25, 0x10, 0xc2, 0x01, 0x60, 0x88, 0x80, 0x07, 0x00, 0x80, 0x02, 0x00, 0x00, 0x00, 0x01, 0x58, 0x25, 0x00, 0xc2, 0x01, 0x60,
        0xa0, 0x80, 0x03, 0x00, 0x80, 0x18, 0x01, 0x20, 0x10, 0x82, 0x84, 0x25, 0x20, 0xc2, 0x08, 0xe0, 0xc3, 0x81, 0x00, 0x00, 0x00, 0x01,
    },
    {
        0x8e, 0x01, 0x02, 0x03, 0x48, 0x25, 0x00, 0xc2, 0x0e, 0x60, 0x30, 0x83, 0x01, 0x60, 0x88, 0x80, 0x58, 0x00, 0x80, 0x12, 0x00, 0x20,
        0x10, 0x98, 0x14, 0x25, 0x00, 0xc2, 0x01, 0x00, 0xa3, 0x80, 0x0b, 0x00, 0x80, 0x1a, 0x80, 0xc1, 0x3f, 0x03, 0x04, 0x60, 0x10, 0x96,
        0x02, 0x20, 0x2b, 0x83, 0x10, 0x67, 0x00, 0xda, 0x0b, 0x40, 0x20, 0xda, 0x01, 0x20, 0x03, 0x98, 0x14, 0x25, 0x00, 0xc2, 0x01, 0x00,
        0xa3, 0x80, 0xfb, 0xff, 0xbf, 0x0a, 0x02, 0x20, 0x2b, 0x83, 0x4c, 0x25, 0x00, 0xda, 0x01, 0x60, 0x8b, 0x80, 0x08, 0x00, 0x80, 0x32,
        0x4e, 0x25, 0x08, 0xc2, 0x14, 0x25, 0x00, 0xc2, 0x01, 0x60, 0x13, 0x9a, 0x00, 0x61, 0x10, 0x82, 0x4c, 0x25, 0x20, 0xda, 0x14, 0x25,
        0x20, 0xc2, 0x4e, 0x25, 0x08, 0xc2, 0x00, 0x60, 0xa0, 0x80, 0x0b, 0x00, 0x80, 0x32, 0x17, 0x25, 0x08, 0xc2, 0xc8, 0x23, 0x00, 0xc2,
    },
    {
        0x8f, 0x01, 0x02, 0x03, 0x16, 0x60, 0x30, 0x83, 0x01, 0x60, 0x88, 0x80, 0x06, 0x00, 0x80, 0x22, 0x17, 0x25, 0x08, 0xc2, 0x14, 0x25,
        0x00, 0xc2, 0x00, 0x62, 0x10, 0x82, 0x14, 0x25, 0x20, 0xc2, 0x17, 0x25, 0x08, 0xc2, 0x00, 0x60, 0xa0, 0x80, 0x1d, 0x00, 0x80, 0x22,
        0x14, 0x25, 0x00, 0xda, 0x48, 0x25, 0x00, 0xc2, 0x00, 0x68, 0x88, 0x80, 0x06, 0x00, 0x80, 0x22, 0xc8, 0x23, 0x00, 0xd8, 0x14, 0x25,
        0x00, 0xc2, 0x00, 0x64, 0x10, 0x82, 0x14, 0x25, 0x20, 0xc2, 0xc8, 0x23, 0x00, 0xd8, 0x00, 0x20, 0xa3, 0x80, 0x07, 0x00, 0x80, 0x16,
        0x0c, 0x20, 0x33, 0x83, 0x14, 0x25, 0x00, 0xc2, 0x04, 0x00, 0x00, 0x1b, 0x0d, 0x40, 0x10, 0x82, 0x14, 0x25, 0x20, 0xc2, 0x0c, 0x20,
        0x33, 0x83, 0x01, 0x60, 0x88, 0x80, 0x0a, 0x00, 0x80, 0x22, 0x14, 0x25, 0x00, 0xda, 0x40, 0x25, 0x00, 0xc2, 0x20, 0x40, 0x16, 0x1b,
    },
    {
        0x90, 0x01, 0x02, 0x03, 0x10, 0x60, 0x28, 0x83, 0x0d, 0x40, 0x00, 0x82, 0x14, 0x25, 0x00, 0xda, 0x01, 0x40, 0x13, 0x9a, 0x14, 0x25,
        0x20, 0xda, 0x14, 0x25, 0x00, 0xda, 0x20, 0x00, 0x00, 0x03, 0x01, 0x40, 0x8b, 0x80, 0x0e, 0x00, 0x80, 0x12, 0x40, 0x25, 0x20, 0xc0,
        0x17, 0x25, 0x08, 0xc2, 0x00, 0x60, 0xa0, 0x80, 0x07, 0x00, 0x80, 0x32, 0x00, 0x25, 0x00, 0xc2, 0x60, 0x25, 0x00, 0xc2, 0x00, 0x60,
        0xa0, 0x80, 0x07, 0x00, 0x80, 0x22, 0x17, 0x25, 0x08, 0xd8, 0x00, 0x25, 0x00, 0xc2, 0x10, 0x60, 0x28, 0x83, 0x01, 0x40, 0x13, 0x82,
        0x14, 0x25, 0x20, 0xc2, 0x17, 0x25, 0x08, 0xd8, 0x14, 0x25, 0x00, 0xda, 0x80, 0xc1, 0x3f, 0x03, 0x00, 0x40, 0x20, 0xda, 0x68, 0x25,
        0x20, 0xd8, 0x08, 0xe0, 0xc3, 0x81, 0x00, 0x00, 0x00, 0x01, 0x98, 0xbf, 0xe3, 0x9d, 0x48, 0x25, 0x00, 0xd8, 0x0e, 0x20, 0x33, 0x83,
    },
    {
        0x91, 0x01, 0x02, 0x03, 0x01, 0x60, 0x88, 0x80, 0x06, 0x00, 0x80, 0x22, 0x16, 0x25, 0x10, 0xc2, 0x10, 0x00, 0x00, 0x03, 0x01, 0x00,
        0x2b, 0x82, 0x22, 0x00, 0x80, 0x10, 0x48, 0x25, 0x20, 0xc2, 0x00, 0x60, 0xa0, 0x80, 0x0a, 0x00, 0x80, 0x02, 0x03, 0x20, 0x33, 0x9b,
        0x04, 0x20, 0x8b, 0x80, 0x0e, 0x00, 0x80, 0x22, 0x1c, 0x23, 0x00, 0xc2, 0x60, 0x21, 0x00, 0xc2, 0x00, 0x64, 0x88, 0x80, 0x0a, 0x00,
        0x80, 0x32, 0x1c, 0x23, 0x00, 0xc2, 0x03, 0x20, 0x33, 0x9b, 0x02, 0x20, 0x33, 0x83, 0x01, 0x60, 0x08, 0x82, 0x01, 0x60, 0x0b, 0x9a,
        0x0d, 0x40, 0xa0, 0x80, 0x0a, 0x00, 0x80, 0x22, 0x60, 0x25, 0x00, 0xc2, 0x1c, 0x23, 0x00, 0xc2, 0x00, 0x60, 0xa0, 0x80, 0x03, 0x00,
        0x80, 0x22, 0x60, 0x23, 0x08, 0xc2, 0x05, 0x20, 0x10, 0x82, 0x60, 0x25, 0x20, 0xc2, 0x07, 0x00, 0x80, 0x10, 0x01, 0x20, 0x10, 0x90,
    },
    {
        0x92, 0x01, 0x02, 0x03, 0x00, 0x60, 0xa0, 0x80, 0x04, 0x00, 0x80, 0x02, 0x00, 0x20, 0x10, 0x90, 0xfa, 0xff, 0xbf, 0x10, 0xff, 0x7f,
        0x00, 0x82, 0x48, 0xf6, 0xff, 0x7f, 0x00, 0x00, 0x00, 0x01, 0x48, 0x25, 0x00, 0xc2, 0x01, 0x40, 0x00, 0x9a, 0x08, 0x60, 0x0b, 0x9a,
        0xf7, 0x7f, 0x08, 0x82, 0x0d, 0x40, 0x10, 0x82, 0x48, 0x25, 0x20, 0xc2, 0x08, 0xe0, 0xc7, 0x81, 0x00, 0x00, 0xe8, 0x81, 0x00, 0x00,
        0x00, 0x00, 0x00, 0x00, 0x00, 0x00, 0x00, 0x00, 0x00, 0x00, 0x00, 0x00, 0x00, 0x00, 0x00, 0x00, 0x00, 0x00, 0x00, 0x00, 0x00, 0x00,
        0x00, 0x00, 0x00, 0x00, 0x00, 0x00, 0x00, 0x00, 0x00, 0x00, 0x00, 0x00, 0x00, 0x00, 0x00, 0x00, 0x00, 0x00, 0x00, 0x00, 0x00, 0x00,
        0x00, 0x00, 0x00, 0x00, 0x00, 0x00, 0x00, 0x00, 0x00, 0x00, 0x00, 0x00, 0x00, 0x00, 0x00, 0x00, 0x00, 0x00, 0x00, 0x00, 0x00, 0x00,
    },
    {
        0x93, 0x01, 0x02, 0x03, 0x70, 0x36, 0x00, 0x00, 0x03, 0x05, 0x01, 0xa5, 0x22, 0x00, 0x00, 0xa5, 0x00, 0x00, 0x00, 0x00, 0x48, 0x43,
        0x49, 0x4c, 0x49, 0x44, 0x44, 0x49, 0xec, 0x88, 0xcb, 0x80, 0xcf, 0x39, 0xae, 0xbd, 0xcd, 0x80, 0x48, 0x86, 0x71, 0xbe, 0x6f, 0xc9,
        0xd1, 0x80, 0x43, 0x92, 0xe5, 0xcc, 0x71, 0xc4, 0x00, 0xc4, 0xe5, 0xc9, 0x43, 0xbc, 0x0d, 0xbc, 0x13, 0xbd, 0x43, 0xc6, 0x00, 0x00,
        0x00, 0x00, 0x00, 0x00, 0x00, 0x00, 0x00, 0x00, 0x00, 0x00, 0x00, 0x00, 0x00, 0x00, 0x00, 0x00, 0x00, 0x00, 0x00, 0x00, 0x00, 0x00,
        0x00, 0x00, 0x00, 0x00, 0x00, 0x00, 0x00, 0x00, 0x00, 0x00, 0x00, 0x00, 0x00, 0x00, 0x00, 0x00, 0x00, 0x00, 0x00, 0x00, 0x20, 0x6e,
        0x61, 0x4a, 0x32, 0x20, 0x38, 0x20, 0x00, 0x38, 0x31, 0x30, 0x00, 0x00, 0x00, 0x00, 0x32, 0x3a, 0x34, 0x31, 0x39, 0x34, 0x3a, 0x34,
    },
};
